,const,oil_brent_inc,oil_brent_dec,oil_wti_inc,oil_wti_dec,military,assembly,guaido/legitimate,maduro/legitimate,protests,arrests,crisis,other/anti_socialism
military,7.805367872670848e-10,83.4270009379812,3.5154059439355354,44.86190646102675,,0.14498735203697738,2.04899720588093,0.3543233984927185,1.4147286970907087,0.2623312115927281,0.00011313199351701308,3.065736237804684e-05,0.7997452584490615
assembly,3.824885900862742e-12,0.7644659725971918,1.1719147542871716e-12,9.833417087221385e-05,,1.5262458865103918e-05,0.43347946423347195,1.8608765525433995e-09,0.0001143066172979444,0.017198664465383,0.00017171487942884453,1.20226286256335e-06,2.0817366515732885e-07
guaido/legitimate,1.3595672407747671e-24,4.0329649261620615,1.0047115305999472,3.104302644141366,,1.7875482978350305e-39,1.0302825948810851e-17,0.7752174771316327,8.988276281755374e-18,3.358885729115795e-06,3.274472866971635e-12,1.5265872250341101e-19,0.03834516972543221
maduro/legitimate,0.05193379108752386,3.5157645569300926,0.11706731684253811,1.4193655736518727,,2.3379361818747507e-19,1.534130121737281e-10,0.004996813794575772,0.6177568615337399,0.022860719008758665,0.00010099676743021117,2.825574711110897e-13,0.16121519866043757
protests,0.10965333899472178,3.8179772531605836,0.8623943818057462,2.822603155763674,,1.7540900718978256e-29,6.625749929611108e-23,4.3502715313039e-05,5.266373102239864e-08,0.5953155685777508,7.360129208316562e-12,1.482551068567047e-16,0.2612052054053634
arrests,4.5097326119327026e-21,5.935903531629394,5.640041017668507e-17,2.9819942862183255e-06,,3.8303086886771163e-16,0.016064944525363063,0.018567800756933917,3.2850353618294224e-08,0.00321304903861762,0.4090865797188856,3.213192988883685e-09,0.31044334577622473
crisis,0.15593555372236276,32.376612308381254,1.2825487473085866,13.031084714846784,,2.0590494626749655e-17,5.8121980064021386e-18,0.8844346325383875,2.1944816474556105e-05,0.16158345415364428,2.43789917815441e-10,0.016645037996582956,1.0275927753505776
other/anti_socialism,0.0895998836136468,1.8584923579050272,0.0985563739469527,0.8544429873406971,,3.4458877879411165e-44,4.127589399930453e-43,5.009832481650935e-24,1.7227872330104243e-17,0.0007780947262237803,2.1704578651614583e-15,5.059368813725086e-28,0.9073894702687676
