,const,oil_brent_inc,oil_brent_dec,oil_wti_inc,oil_wti_dec,military,assembly,guaido/legitimate,maduro/legitimate,protests,arrests,crisis,other/anti_socialism
military,3.3104865153957506,,6.114828473877904e-07,57.84138731123099,0.03687290709379747,0.9258405743369225,2.4544749352993623e-13,4.583791525599776e-08,0.16961794378295153,1.6677387161713524e-08,1.6068459363854869e-09,5.644367073503674e-16,2.619694671988456e-05
assembly,0.1373307696955199,,6.3341644439323675e-140,73.71141821328156,0.0,3.6455530592820014e-07,0.8645941087511895,4.421915178653346e-06,0.1722251332540508,1.9767612478793985e-06,1.4370145664026073e-11,3.1960544981167676e-10,1.1164791094694698e-13
guaido/legitimate,0.00011817359651228241,,9.971546946728123e-08,47.973694111133725,0.036873115855109904,0.07217700001528177,1.6093137288781865e-11,0.8656825567903317,0.06895786447454448,3.3258363311343605e-09,2.424818231662277e-08,3.287788098773194e-16,1.3889704481713562e-12
maduro/legitimate,1.0675925244027022,,2.1037968340475288e-253,5.895536300549417,0.0,3.677309829045216e-12,1.0600270921407474e-19,6.1483427355957615e-15,1.0027024722968434,4.383112160560939e-15,1.809074388184205e-25,1.0790277146223846e-21,6.724530404404245e-10
protests,0.632215031241511,,4.84863584e-316,81.84639855348698,0.0,1.8112172013166331e-06,5.328338053803484e-20,9.975921991225912e-05,0.1344880304760228,0.9172172377500933,1.016296286082077e-17,8.607721835570258e-32,1.1660833745335338e-09
arrests,1.8845115697509356e-08,,1.5254462390006573e-97,8.681699966100066,0.0,0.01642896354114429,9.732057603964472e-13,4.1404118542843614e-10,1.1383790830476249e-05,1.923893998486743e-11,0.9539741256542026,2.332989293905199e-12,1.7038119330746017e-05
crisis,0.002293022177099879,,4.6558067014993215e-156,110.40487733831395,0.0,5.151798816937673e-12,0.02003120284078441,2.8308965243504255e-10,0.09527046281436292,8.186576922412687e-13,3.296201753708697e-39,0.7340424799421126,1.2322680500877454e-09
other/anti_socialism,0.8943344117126916,,2.7976094410648383e-229,4.551203270440718,0.0,0.0007064592513007084,1.5734684788087965e-17,3.2478569480979208e-09,0.013256683598823189,2.839820515664659e-07,1.3724839594126304e-11,4.910293385751465e-22,0.8479109668371491
