,const,oil_brent_inc,oil_brent_dec,oil_wti_inc,oil_wti_dec,military,assembly,guaido/legitimate,maduro/legitimate,protests,arrests,crisis,other/anti_socialism
military,9.544352158910052e-06,1.2012443076458427e-153,,58.60090466471124,,0.8212432733362862,0.050695812791549374,1.2114851247077876e-26,1.7346680903980362e-12,6.757369086327203e-07,2.938328630644425e-20,0.013298639564725252,0.2750977688292618
assembly,1.355050842187787e-09,3.997436579921734e-83,,2.620125971378515,,2.041974165814096e-08,0.954417858455215,2.4602317542960864e-11,7.852218703541431e-07,0.00026821079686701905,1.3029710019245778e-09,5.846337822484852e-11,0.03285776048862066
guaido/legitimate,1.0382512926844156e-08,3.2344535620221194e-71,,21.083150264330136,,3.5358928754393973e-10,0.13429378908116926,0.8676168700305742,3.5169883119031475e-07,2.5010467131851747e-05,3.36329665285748e-07,1.887156769482548e-09,8.127410825239132e-07
maduro/legitimate,4.434248659991322e-17,5.87823300952003e-234,,13.340338956723961,,1.0509331996019873e-10,0.10065659794942529,6.602416489703067e-12,0.7056114903333647,0.012037916106028551,1.2743804272166705e-19,1.9064628660328866e-08,0.07040654075297083
protests,1.705730246677539e-05,8.810057246405264e-63,,9.896853624806797,,5.2428416528258714e-06,0.05244597856594398,2.112758445788323e-09,0.00012556019411351542,0.8465653302828472,8.021356430060058e-08,2.178430366529426e-05,0.03623722866731148
arrests,9.09440807755764e-10,4.800602799211479e-205,,23.0720208903039,,6.26023732836284e-05,0.04160838589030299,8.293403129360829e-10,0.0004444899145648851,2.2973542673608336e-05,0.45006347604499297,0.03503528229361127,0.11818662312384717
crisis,1.6028668247192314e-10,7.43618010640087e-201,,13.571532648064167,,0.01393793497709977,0.051228754987161784,8.638302461290158e-27,3.616895789201505e-11,3.064759755213714e-11,3.6812196898327796e-29,0.8416298400013709,0.006059634591268716
other/anti_socialism,1.6485268922963095e-10,1.3477817521511865e-151,,3.7503448404764796,,9.224475536791189e-06,1.757703787120045e-05,4.681076702711421e-24,1.5226099830879533e-13,0.000534161929791404,1.3442629799865135e-13,8.6539389999759e-06,0.9395770789303611
