,const,oil_brent_inc,oil_brent_dec,oil_wti_inc,oil_wti_dec,military,assembly,guaido/legitimate,maduro/legitimate,protests,arrests,crisis,other/anti_socialism
military,3.8426949588972656e-57,648.550854280729,9.980054115582712e-35,298.51758258199175,2190.467279746095,0.24025607656143466,5.981039991923051e-19,1.654307295865579e-20,7.71365849813433e-18,1.6792091936153738e-33,0.286742668628402,3.7876929109652215e-23,1.6025071743404235e-25
assembly,1.269662611155508e-100,303.36206363604475,7.312765711047201e-60,320.63079810504667,451.81718325845276,1.0467997246723938e-27,0.4644122001605042,1.6971867880693033e-38,0.05505353996784312,3.737121983581214e-65,2.654774025674426e-61,3.141960269979893e-21,8.913454393916298e-63
guaido/legitimate,1.9867306369085525e-104,410.4428196207236,2.0892878952376004e-66,371.521518472506,1697.3743203352942,0.019785777181394425,3.6904436072667746e-21,0.019392992495307286,7.522906632886022e-24,2.209268803218647e-46,0.11082729724046211,7.487159752810498e-35,1.2172720298567927e-47
maduro/legitimate,2.2375423720295897e-25,179.11779202566862,8.305524719900687e-16,24.79403981607346,260.4869578641149,1.573073206399693e-11,4.559363597533166e-09,4.8144022060707894e-15,0.5917893711728309,1.1084770756115312e-18,2.795370870418134e-19,6.142125926488744e-10,1.2122214419318133e-16
protests,1.609949384584556e-40,829.7163982058024,1.578882840211584e-14,346.00397042167447,1926.75844946152,1.3533465363794454e-17,7.045954502893505e-30,5.153169300707591e-24,2.1991484451744204e-22,0.1550695294773527,5.6848035030684605e-06,1.6848748645922436e-21,7.028754796822635e-26
arrests,2.642852000500179e-58,53.76508702602543,2.5301004175879023e-27,16.904632902951455,12.176896846299892,7.534888851531609e-32,1.92723164458948e-57,1.0443737770424528e-53,2.5308108673090236e-52,4.343975611633025e-44,0.9185735835974596,6.707960200512961e-40,4.498837361196345e-45
crisis,1.0314787043844726e-29,91.66906439176498,1.4666768261172227e-12,206.36886934069148,494.02761856150187,7.472308799473062e-22,3.977196281838657e-08,2.2879911752339136e-27,3.5597950251483797e-06,7.686299544254911e-23,2.1352827637200875e-45,0.5216977519958235,4.4581886609528095e-24
other/anti_socialism,5.109635807555654e-20,85.96338326948204,7.46715923950794e-14,24.03431164374075,263.67405605908453,1.2015371051440587e-07,1.6817332494601033e-16,9.502728876076296e-13,2.165580544587757e-12,9.175239925853695e-14,0.0070206390526581204,6.3662144515916736e-12,1.4153986381101466e-07
