,const,oil_brent_inc,oil_brent_dec,oil_wti_inc,oil_wti_dec,military,assembly,guaido/legitimate,maduro/legitimate,protests,arrests,crisis,other/anti_socialism
military,3.599901368124288,3.1191748284574117,8.846626982511053,24.851961243453943,3.9140342351858835e-10,0.9209112922614526,0.027531298962872063,1.293672062011511e-05,0.08777965199262776,3.0899616541938978e-06,0.06767195353871672,0.003882229990126036,0.0008526252382559038
assembly,0.00028878210746086986,1.0463056312884822,0.0037718315509491585,24.066630219731092,6.270480020164895e-19,3.2375708077387675e-07,0.8511989287560823,0.00028516000441345166,0.2429943448258262,4.471789706144306e-05,1.230132459703236e-06,0.06195975098879632,7.914137524955722e-07
guaido/legitimate,5.589501605597081,0.0026001296516008484,0.0007866092477936983,22.149764239315264,7.433158276036896e-52,3.7355808920164797e-07,4.8088568705592416e-05,0.8566568091684262,0.3685276376597764,0.02829327932200214,7.850245393573381e-05,1.2704358370682378e-05,1.5307746900839227e-06
maduro/legitimate,0.885467408967051,0.0008406115526962304,2.0594418004331057e-11,7.16093049344775,1.9460941891850858e-59,1.4713324468111047e-06,1.9589378140168995e-12,7.055699763049824e-13,0.9779609544015574,8.892722797524976e-11,8.934519988342578e-09,0.00015704138316487723,4.655152734173997e-09
protests,3.0371372213773142,1.039868155586631,0.5606485514015304,7.603582200332921,8.57011551392169e-11,1.5620203766260698e-06,9.97066933944086e-10,5.649483871017275e-07,0.3036575535531987,0.9741829961661619,3.853739662104604e-06,0.007333185497251779,2.2785568953477585e-05
arrests,0.06677719531244765,0.00044808140691287733,3.1198405824332958,3.8170779357215294,2.9481307155076895e-48,3.24841261116816e-06,1.6105318105465305e-06,2.37598126219026e-05,0.030353435756589758,3.49960690260067e-05,0.7439364888887464,0.013088397115175475,0.0001905228241110041
crisis,0.3401994406046173,0.0008279655521754631,9.444068391827843e-09,7.0532028153557,8.924285510635774e-57,1.1528291244882497e-08,2.211997135947757e-09,3.35127013289733e-07,1.94262363945657e-06,0.012054950085630872,7.764382883333676e-08,0.9491483852048105,1.3292513590790676e-10
other/anti_socialism,0.024841613870514524,0.0001913441998941288,0.0008002417667094425,1.6300067627804526,7.561980395896307e-52,0.003864727968555236,1.5379309063863563e-06,0.002386694669062185,0.0027611496581720937,1.4753896506778233e-08,0.20314760671360227,2.9330173795254206e-06,0.8908921817315137
