,const,oil_brent_inc,oil_brent_dec,oil_wti_inc,oil_wti_dec,military,assembly,guaido/legitimate,maduro/legitimate,protests,arrests,crisis,other/anti_socialism
military,0.8427398262362135,9.22551764779752e-08,5.785687891341313,8.110699890534928e-05,,1.0094336217151685,1.0405246686472598e-22,0.00011104879418179194,2.7022962944676098e-05,0.00020633464521885775,4.3061406431304195e-10,1.6007932366705316e-07,3.9969875706652356e-11
assembly,2.5786988286725106e-07,0.04072205396248723,0.06449378224734735,0.055171652065151594,,1.5981958417090606e-09,0.008484191572138646,0.004853436614314887,1.5704496840952307e-06,0.0007632095348959346,1.2077733115421637e-05,3.0168263966104148e-09,6.145928773735072e-07
guaido/legitimate,0.018481000378166853,0.05368639789016022,0.10411266988420115,0.0686105510928756,,8.328540696464911e-05,1.6219251128795375e-18,0.6196512377463839,0.010864115088164174,1.0671868254945434e-18,0.06971584447273166,6.775116120646307e-07,0.03684835238161679
maduro/legitimate,0.005454410414844463,2.9114681832952688e-06,0.9638076448600373,0.0003416262309843859,,3.0074439760604607e-05,0.0013865167576740036,0.11898080595213925,0.9536624489068339,0.012452885576512794,1.7586396808536515e-09,0.00011425134383652063,2.1855947130522357e-06
protests,0.11733699695940751,5.8978337902254046e-05,0.988224636096598,0.002346648881352035,,0.0008506798494380534,2.5335577609184477e-44,3.6658826750930384e-24,5.915978728118496e-26,1.078143273183191,1.776342657936879e-22,6.379619321060978e-18,5.129093417230019e-30
arrests,0.5277466365005085,0.008381274245734635,3.752300878713174,0.16870434779484994,,0.004257358598349449,1.2723653931180077e-11,2.4667058524487937e-07,0.008599162519092844,0.0065050595790540535,0.7980893584195661,0.0057870723851592,1.9786264979590673e-06
crisis,0.07479867513201849,0.13521356081969735,3.60331997108748,0.4660528498729865,,0.004178034668575452,2.979397645153788e-24,7.405764429978122e-08,1.3155071095402833e-05,0.05253318280722787,2.3104836010609563e-09,0.91346083012843,0.1555594545284357
other/anti_socialism,0.0007484509328846775,0.08740629266729907,1.1342421458577305,0.23125011723627042,,4.336728262946791e-13,1.2700045430631437,6.009539511020742e-07,0.023714307652218946,0.024791838643412677,2.3098596128798064e-10,0.0015937701131510731,0.9174569751986618
