,const,oil_brent_inc,oil_brent_dec,oil_wti_inc,oil_wti_dec,military,assembly,guaido/legitimate,maduro/legitimate,protests,arrests,crisis,other/anti_socialism
military,6.97798495515311e-42,0.04949710815732517,0.5355443298067156,1.640170727362528e-11,172.6938948830171,0.9647120312665363,0.14292317687457215,1.64240614598962e-12,8.55744428629096e-05,1.9471760815173003e-15,0.0008186890473684768,2.2706588039792697e-17,6.496286207934035e-11
assembly,6.179298624127459e-42,8.684583577093595e-123,41.358459669555124,1.5155937907387117e-122,1.8683848145102966,0.0006936725270824245,0.9620288199488441,2.136144742953891e-20,5.369000656639345e-10,4.8459736023526826e-05,6.96614221251916e-07,2.2083671629115342e-34,1.1256281931313049e-06
guaido/legitimate,1.0683287948880088e-47,0.04714865974922439,4.2489101712342466e-08,1.3149645261645979e-09,42.24399915540362,0.009121554437905823,0.12036629365997362,0.904121298584229,0.006177899050875193,0.017388221201243167,1.4909975240679146e-08,5.130903655079482e-11,1.0405708283079445e-12
maduro/legitimate,5.683978593260728e-48,3.811485897157065e-135,0.40448441255262746,1.4822458791100175e-124,62.30049274175835,0.0008403123424503537,0.1001583313738337,0.00021923269329163908,0.8749600745032013,0.0005336053216727736,2.949008603739344e-09,1.0959638612607963e-14,2.35767574505088e-15
protests,2.512405657738454e-44,2.7257331559064295e-127,0.01939604451407137,7.107741648332644e-126,9.118549000045773,0.00842800895748647,0.3333774331780299,5.116004761646224e-16,3.729897519961465e-09,0.9380663160193116,6.316330853024206e-12,2.2537830787429166e-10,3.3061080967917605e-17
arrests,1.7524778090518667e-44,7.659347744365877e-125,0.00154227647086527,5.651720739896142e-127,109.39528304318446,0.0003504123811421269,8.843607279304232e-05,2.4921973324344743e-15,0.003317792333230839,0.001634239256064186,0.9825365810655613,6.918249656078147e-30,0.0018009616152677445
crisis,6.373986529729976e-51,1.7609334218809564e-139,9.111064337732793e-11,3.3387782445519057e-134,36.39672788989694,0.0057499288239278,0.04878057727713492,6.756556881228379e-12,7.862845999041817e-05,6.568907873960247e-11,2.454214496851555e-12,0.9041622562176777,2.834460540054422e-19
other/anti_socialism,1.122715278640258e-44,2.0138201615645536e-130,43.09844154710687,1.5793559750822557e-122,13.51765511747112,0.0016406738311421137,1.6139518108240058e-11,7.771139510737382e-10,0.0006500225516420143,2.6092651151450478e-05,1.895081223726723e-05,1.4059635478608965e-23,0.8971451150373864
