,const,oil_brent_inc,oil_brent_dec,oil_wti_inc,oil_wti_dec,military,assembly,guaido/legitimate,maduro/legitimate,protests,arrests,crisis,other/anti_socialism
military,9.175490611532122e-42,244.25291351057487,2.5861882617319125e-36,1.1857254300655161e-64,5188.175926488903,1.2282341028023155e-06,0.21168539445179563,6.635064007067063e-14,3.7803060515761845e-06,1.1454635844794696e-18,0.275385227488308,3.2449211194123125e-14,7.673247678716382e-43
assembly,7.0067537669519285e-56,43.70238466038088,6.834674636079154e-08,8.220694259324702e-69,1630.8054258116654,1.2230425150456076e-28,0.6278817888941463,7.451671230563037e-24,0.051948349443339266,1.8653776525394838e-36,1.338333467957822e-25,2.0149548061610777e-28,7.329302276081725e-63
guaido/legitimate,1.2186491670751694e-86,170.95895150691908,2.0923824017918426e-30,6.092309188467869e-115,3040.7702974380372,3.7378866549554255e-31,0.003222214644496489,0.16812156390522226,6.287279856042249e-07,1.9892315979698706e-38,3.616695995455558e-12,1.1204730985218858e-26,2.0555901155346306e-87
maduro/legitimate,4.117020733379412e-23,14.771003417523263,7.307481593790386e-16,9.005640408374388e-38,811.2494937810878,7.178733997464048e-13,5.872278142991433e-06,3.6701012669662174e-16,0.6904299410312557,3.198822481731488e-16,1.7468039544604337e-07,9.715644758213479e-09,4.9255947459838866e-27
protests,1.483280735843239e-75,142.17507840459677,236.95872602043468,4.890677818329702e-145,4071.961887945489,3.631574153859083e-63,2.3384542569807295e-34,3.000920057640713e-65,8.62237939076191e-16,3.1477282204892468e-31,3.1229487151450726,3.424591759408522e-40,4.148522819798929e-99
arrests,1.804772550353283e-11,9.708983651303948,1.2336277866725984,4.086390649179471e-21,321.61865982281626,1.2312589721936472e-12,5.3560368156105997e-11,2.3290840661351453e-13,5.844625325421183e-09,2.7115984451454837e-08,0.6446523557548968,1.5668666459592957e-10,8.725939267114422e-19
crisis,2.8851084881848634e-52,33.68022126103397,6.780206239886458e-86,3.2422952370130865e-103,1283.405390809645,2.1932219605884896e-28,1.2431719003186474e-10,9.703331579849435e-40,0.23443179558114627,1.6646602105182206e-28,0.015391014496626183,0.1940019081648478,6.922251920714009e-57
other/anti_socialism,5.199163652177233e-37,34.38356562559192,121.48951373520177,5.326162320222934e-56,594.028643088907,9.829848445963055e-25,2.1128524519783582e-10,7.85459803831348e-25,9.727294602526354e-07,3.950402040384174e-21,1.18769520125604e-08,1.358712690542836e-16,2.5945827117504905e-32
