,const,oil_brent_inc,oil_brent_dec,oil_wti_inc,oil_wti_dec,military,assembly,guaido/legitimate,maduro/legitimate,protests,arrests,crisis,other/anti_socialism
military,1.1030896906031875,4.933270807237731,1.475554775611005e-09,0.06830361938668868,,0.952398245049597,6.051390641614904e-06,9.13280782888906e-11,3.003826806150595e-07,0.05717057697721881,0.004270060729839138,0.013322813998309882,8.539780122089087e-05
assembly,0.0017460553436409764,0.05703145185445438,0.0,6.661103561992723e-16,,0.0003365697845731769,0.9856231231214388,2.976108335804297e-07,0.00019337977693098342,0.0026569603151023013,0.00021748484019184884,3.8094068186776415e-06,0.035716009792546626
guaido/legitimate,0.00015043696112522034,0.5471399523852493,0.0,2.0884750955243698e-32,,2.0878999447601716e-06,0.06845296719171945,1.0225630813427544,1.5903976548010342e-08,0.002910319388257334,1.203173485398372e-05,1.4014418001680143e-06,2.980420613059706e-07
maduro/legitimate,0.00023077154159367,0.23068300291634625,0.0,6.995325684680316e-58,,0.0005265053028727922,0.05261277009295602,0.006218086908488676,0.7950706978876464,0.04010386863171493,0.1454353519836087,0.000619514644952886,0.00023163340435381334
protests,0.741963110149899,0.28279206872945345,0.0,3.0270043319591105e-82,,0.00047913814712806797,0.05354435974955647,9.456191281880806e-13,5.8735213238346156e-06,0.883130246347814,0.001574239008777613,0.011493222604336833,0.00032553404668091374
arrests,0.02936379836740198,0.2563397271153253,0.0,1.7992087421531146e-47,,0.013862602799790465,2.124575274352291e-05,3.095249993500929e-10,1.048809427067565e-05,0.04426199772191656,0.7531354373041509,0.01064162050123589,0.000627680634655051
crisis,0.18581320066111875,3.2421251376159566,0.0,3.4439835211198624e-81,,0.022103699321808022,0.02356335529778249,0.008025847082321113,0.0009893655609401232,0.0024477586346544865,0.30656006612943737,0.7861455159675752,9.043450278846715e-06
other/anti_socialism,0.48839760825225714,0.04844727919967161,0.0,5.10459158445169e-83,,1.06275274764931e-06,2.5741652349049673e-08,1.3273744918689292e-16,4.6736586852855586e-11,0.0253214598816979,0.07594687012874621,2.636474645206887e-06,0.87020235501977
