,const,oil_brent_inc,oil_brent_dec,oil_wti_inc,oil_wti_dec,military,assembly,guaido/legitimate,maduro/legitimate,protests,arrests,crisis,other/anti_socialism
military,1.0859668356959824,7.039183581545863e-22,8.127783986021098e-13,1.62438895778133e-18,,1.015612078540432,0.02085066270476489,2.822580479654738e-10,3.543348514998786e-05,0.16651276656463132,1.8160085260570587e-08,2.5586228249700975e-11,5.514362966846317e-16
assembly,0.07438877419388266,0.028898582742782085,0.017708565755596734,0.028366151994612888,,4.1092552048727753e-16,0.3730626504075711,5.962284913256684e-09,1.873196860953911e-10,4.818493420858734e-05,6.870118339837055e-07,1.5532587318527173e-17,2.081422930498513e-15
guaido/legitimate,0.1882072524634867,0.004063887547461695,0.4116583469940161,0.022349454396426813,,0.0031144500606834964,0.7174382197746059,0.49551809324892077,0.002567685464544353,0.0019930441441587585,0.03247780262828532,1.5102120186868745e-10,0.06664665271859567
maduro/legitimate,0.17222639947348098,4.6125430839033365e-17,1.305892073139705e-07,1.6684127958472658e-13,,0.003055060183166405,1.0657353695253766,0.09948238224989016,0.9400249847503626,0.04444295626209556,3.118004352285603e-06,3.836335968672751e-09,1.7222468302274263e-09
protests,1.1788099977582558,0.0009587959366121854,3.5355467358341665e-07,5.685139875977423e-05,,5.032647906205461e-06,0.07790455642257993,3.651963567263294e-13,5.4069562432022315e-09,0.9488956830068385,3.5730052843521184e-06,4.4736727756512644e-07,4.427119351330595e-13
arrests,1.0439248090086843,7.680683357073165e-22,1.7471936675737973,1.6334723673174174e-13,,4.6760729251129035e-06,0.235840317466387,8.63511585575504e-10,0.010391090854415948,0.03553261847435551,0.8150381295027619,0.0004155522043445996,5.214177670574881e-09
crisis,2.106448623268807,7.277392405685995e-06,1.0200662446812743e-10,1.2816683124628323e-07,,0.0006771057699076397,0.0023824957951034302,0.000582945045869057,0.0040864915271453875,0.0823486247519425,0.0004911296028351854,0.9085878318698416,0.14754901863269398
other/anti_socialism,0.007958516977490025,0.0002509014032917388,0.2536398572970819,0.00400343113400698,,5.7573322647187e-11,0.8485711660677694,4.2701751591705515e-05,0.017163118290371433,0.07529289875256322,0.0008189768387604541,0.0057100789751810726,0.8847916822276009
