,const,oil_brent_inc,oil_brent_dec,oil_wti_inc,oil_wti_dec,military,assembly,guaido/legitimate,maduro/legitimate,protests,arrests,crisis,other/anti_socialism
military,0.11153037524428995,,2.026884748410795e-210,312.29330547861775,,0.10206944726856217,6.816787157026636e-18,3.053688030184491e-96,0.4676790436380851,1.479382974425628,0.00022397376610276814,1.008306644098958e-24,0.19850245905372038
assembly,9.904835209285194e-07,,9.684454924881269e-28,1.5784748998403009,,9.58369516820584e-06,0.7452765312742898,3.236561180165351e-14,0.008317305081033583,0.0005039453665514248,0.0002748710314266364,2.5599012386568273e-07,2.9762169598848413e-06
guaido/legitimate,3.0596878093746918e-09,,4.0660200617009484e-29,51.69652412493966,,1.3495588041014914e-09,0.44051395323564035,0.3863307604719057,0.006717147299440521,0.00015131026878884764,0.061233238693179294,1.1612996881934875e-05,0.008391331456419808
maduro/legitimate,6.601148996478137e-38,,8.238146827642825e-162,18.36395608997324,,4.611429842514094e-18,1.910111104426395e-35,9.073375972768699e-89,0.5727314602984703,0.014665912697572251,0.0029788403779424763,4.913735384405909e-32,0.11372678290840024
protests,0.05243208471482108,,5.479254770690267e-25,21.381731635127576,,1.50017854237233e-06,4.288417865328937e-07,2.4854584136171523e-17,1.6645013459080148e-05,0.9244839213293912,1.2925042044801093e-05,2.9599772792718563e-09,0.0014403128429596175
arrests,0.05353840176406116,,8.959196300841956e-48,15.318187919374237,,2.965778037323885e-07,0.06692915221028989,4.1121192995614793e-19,0.00029110953826105325,5.79373893052852e-05,0.6614557859130248,1.5126959312884366e-08,0.09987431827641674
crisis,0.16783045884463813,,4.839187331403839e-158,172.4599721638271,,6.167265438745634e-10,2.8336525685477466e-26,7.082255746304868e-26,0.24704574862386539,0.2316854403806468,0.038870776570573355,6.363014678499433e-09,0.8264017411439597
other/anti_socialism,1.4189110558470278e-08,,2.185310861284155e-44,11.559848481487503,,7.279291374518132e-14,9.516909472849482e-12,2.4688773008038814e-32,3.042550403086441e-09,0.08208840293756796,0.00022542548076280233,2.434377583794802e-16,0.7729397614546828
