,const,oil_brent_inc,oil_brent_dec,oil_wti_inc,oil_wti_dec,military,assembly,guaido/legitimate,maduro/legitimate,protests,arrests,crisis,other/anti_socialism
military,5.5981714445416175,5.43334117758603e-99,7.250052598303975e-07,1.2095035187090667e-40,13.546466293727262,0.7884138994819327,0.04428598031708322,5.654573884285968e-09,9.276729297213043e-05,2.9696799269919112e-08,2.206643964701769,0.0014542826681252952,3.370591937843132e-05
assembly,1.0563743562406398,4.04761200944341e-92,3.764131336705382e-08,1.1803838974914142e-33,3.221083922389961,6.987238051342835e-06,0.917218387353692,1.1546552853983266e-06,0.0006785077121432809,1.3858550514563833e-06,0.038528114297520864,0.14763296926843514,8.276607694089149e-10
guaido/legitimate,4.041740862571565,2.9732381298775848e-96,6.391300388665427e-06,1.771085575710526e-37,0.009460022420492988,2.226554256000963e-06,0.01318251812070219,0.8291816962644153,0.007054415400861545,0.06287551421469328,0.6883483958036619,0.01675727889155056,1.8573712307085186e-05
maduro/legitimate,1.1512665783324219,1.81143968457585e-74,2.4930731053052432e-18,2.539261345562081e-33,0.0003890214818006434,0.000660312125478483,4.0443327349754164e-07,2.960709134433441e-14,0.9056718382759062,3.0133816088961885e-15,0.2610123099116269,1.0188451157894666e-06,3.8653987832103944e-11
protests,15.213274707589724,1.7479834431374863e-106,1.1928026591195876e-05,3.357293545066198e-48,10.034403239907723,5.588511158564015e-09,2.780511223028443e-14,1.2649404989940402e-13,2.624498940471476e-05,0.984297486415535,0.0506580608973518,0.03633024732492377,0.001896551245506194
arrests,1.7173307500478536,1.3516803439310192e-100,5.217036714821454e-12,1.5253827042904895e-42,0.7035621928159365,2.472418574453557e-10,9.635099660868537e-15,4.8696917590087316e-18,0.00047713124272157206,2.396988649725971e-12,0.9607770619418967,9.146746452889155e-06,2.2572879852010326e-13
crisis,5.72711169895631,3.5169905738392165e-113,1.155965930540416e-21,1.9181997287784877e-55,5.4280305086953836e-08,4.2101893633400133e-10,2.3308572229741273e-14,2.7721067037007383e-16,9.16876204876358e-07,0.0013022223817694596,0.006690748333068381,0.9939716627449038,5.308671018145809e-12
other/anti_socialism,2.506011455777947,4.216294687243128e-99,9.746369837827894e-05,2.1724030315282523e-40,0.10962276354591434,4.316645454810552e-09,7.72652151668755e-12,1.1756302199793827e-08,7.780942305478517e-10,3.086230524909324e-07,0.10307654376165909,1.3891264412243158e-05,0.9299959618036928
