,const,oil_brent_inc,oil_brent_dec,oil_wti_inc,oil_wti_dec,military,assembly,guaido/legitimate,maduro/legitimate,protests,arrests,crisis,other/anti_socialism
military,1.594372738683686,1.1672609951855064e-45,8.025898351195881e-77,93.00977511011243,,0.44382449225910064,0.038814471741920764,2.9774987985198655e-09,9.250502321704975e-28,3.96119317130735e-18,2.817628498150357e-23,6.78060459461226e-17,1.2793271729816722
assembly,7.90548176286147e-06,2.1231784414733262e-05,7.032084449196672e-31,16.382365993867023,,2.8125653217757255e-05,0.7875232976316305,1.0708368083086767e-10,3.5778824857800684e-08,1.0883243325188232e-07,1.4848512905567394e-11,1.0752078255509002e-07,0.03920781639408084
guaido/legitimate,0.15578017501384864,9.492704055420033e-32,7.762692163541028e-11,22.843647446734185,,1.464247013352318e-08,0.0036783463218851126,0.8711458362632626,2.9503081764262697e-18,1.1874686881896288e-11,1.331006179560351e-10,4.695640139008666e-15,4.715088066933549e-06
maduro/legitimate,1.0272942076549674,2.451335461577518e-20,2.8586374610810736e-83,49.146110693722775,,0.011649386209705462,0.18353212909966368,0.006350111488421569,0.21585826872273617,1.4244999102485407e-10,2.1133248901625958e-22,0.0009377717215642748,0.15159172456062364
protests,1.2591136412322215,4.3783121949003325e-37,3.3599687440958724e-76,36.02299772005105,,1.9248622183837122e-06,0.16542270528901115,0.0006325968109791951,4.0374846549919535e-22,0.22211810673341267,7.233737558500052e-30,9.935812496805463e-18,0.3002416481657341
arrests,1.3825670151235663,7.110885553653515e-144,6.279999443941884e-47,30.870529182833845,,0.05449576298619322,6.285994299026576e-05,0.014533805732764601,6.585388468761446e-48,7.138319717448152e-38,0.008694538776177665,1.944653662618344e-28,0.06182491606726604
crisis,0.7674115876652216,3.426931359489295e-22,1.210882605277891e-197,48.64215173303243,,0.0101746400980384,0.1233151082168525,3.5498855334683434e-19,1.670061927999302e-18,3.1067687808095998e-27,7.589624620045167e-46,0.36332535503231445,0.3932293873323874
other/anti_socialism,0.13780747768301047,3.449239806191675e-12,1.6101699248402584e-41,9.187912138823602,,5.341170510858615e-05,2.8935955815894297e-05,8.100023049359216e-13,2.8722483202100046e-15,1.1234306761035232e-09,1.1497194944636751e-15,2.483458370553073e-10,0.7823318958161779
