,const,oil_brent_inc,oil_brent_dec,oil_wti_inc,oil_wti_dec,military,assembly,guaido/legitimate,maduro/legitimate,protests,arrests,crisis,other/anti_socialism
military,9.78461941318833e-29,74.54361732918538,4919.312649649085,8.899720729668131e-46,,2.8746454476037584e-18,0.0001389204299573342,1.1815232168834912e-56,0.32509240708381043,5.463556783134404e-43,2.240316607351372e-24,3.209484119003352e-23,4.213321014019157e-24
assembly,3.0310785913829014e-17,7.728187400579094,154.62216449647582,3.937696922154829e-10,,6.075908570391403e-32,0.5003027438442491,1.7600730227932115e-22,2.2504819267037985e-17,1.038290927797091e-39,2.1449798612389286e-13,3.456765361780094e-16,1.2940347028829155e-11
guaido/legitimate,1.3823398031450041e-37,10.60895166694218,849.0471609630335,1.663015478477491e-34,,1.0922772198743438e-93,0.16242265758464025,6.258008199619157e-06,4.0983860428047315e-41,7.03884832745188e-151,1.7263733592917726e-15,1.0271784318320915e-62,5.526437493511068e-38
maduro/legitimate,2.2734884232267893e-22,32.263330907443006,1397.5031900275214,4.4366386585618265e-37,,2.411970674319856e-22,0.6600615668834298,6.403490681294457e-46,0.09396395074526014,1.41257432895467e-36,9.93272011048644e-18,2.861170660722864e-17,8.002667797304598e-14
protests,4.185275865752339e-42,37.82348202031488,3102.8773946937936,4.148871370641149e-93,,1.7231534206775025e-41,5.272105341136124e-12,5.703718346988929e-106,0.02112304512577148,5.482188896618359e-23,1.2875336962476637e-38,2.9264665257881834e-29,2.359788508255285e-15
arrests,1.685124836705308e-13,10.431611237702212,366.3720732713998,4.2696526259378275e-13,,4.280170545976818e-31,0.24035828107027607,1.1822947491207227e-12,7.226180508468498e-15,9.376054516956425e-42,8.64935315349044e-06,5.62579601414848e-18,5.482727713981467e-09
crisis,2.9640264796481025e-27,35.13666678630056,1057.8937687978098,8.745382431850452e-22,,3.3023819534113177e-32,0.4486373746603371,3.425955966439293e-46,3.204197801542995e-15,5.625017010447994e-38,9.590243018597755e-23,4.152996426024228e-15,6.891632049907309e-16
other/anti_socialism,8.34058473637718e-59,9.267154968325835,150.39387084023295,1.2427367695119248e-50,,2.00153669166989e-116,0.006490132844725677,4.783600200651263e-94,8.78742944029844e-58,7.180079341989502e-115,7.551332118859507e-43,2.743621282704272e-55,1.2063572724352422e-17
