,const,oil_brent_inc,oil_brent_dec,oil_wti_inc,oil_wti_dec,military,assembly,guaido/legitimate,maduro/legitimate,protests,arrests,crisis,other/anti_socialism
military,5.105706170206733,0.0,,0.0,,0.981571135192416,7.767568424495745e-30,0.02476413019463181,0.00026309500561294135,7.462410825360209e-14,9.491866095232155e-10,2.58255254826546e-05,3.8649215461917194e-14
assembly,0.0006254119445246217,0.0,,0.0,,1.0685311866749e-06,0.8983939682885217,0.004759061222277131,8.55425978387981e-05,0.0008597106438569975,0.0006063307367356857,6.207316700945917e-06,0.00015874083813646224
guaido/legitimate,0.4438760297943194,0.0,,0.0,,4.870851926003977e-06,0.24738263736473126,0.7327800881433719,0.0008544519467353687,1.4314746417653852e-26,0.038488787963873415,0.0017256591165054843,5.666227322339916e-15
maduro/legitimate,0.9671935000905686,0.0,,0.0,,0.0006562323324162396,1.31426880937706e-38,0.09255258440760117,0.9297268013290889,1.7206463326692904e-05,2.27512285098582e-07,0.0010319520814247361,1.2585660883858187e-05
protests,0.6849614097435878,0.0,,0.0,,0.012455016591500492,9.928501769983103e-13,2.8545248289360132e-11,2.577655732728387e-12,0.9519963603950832,2.1862440600527277e-12,0.0008879333695208217,2.4574115955805055e-16
arrests,1.265276839102868,0.0,,0.0,,0.0006456629276359879,0.11043386385940583,0.00022499330522033215,0.010514812958926662,8.790476439388053e-08,0.9065248077909206,0.0001030222355358625,3.00616291056557e-06
crisis,5.90716973800912,0.0,,0.0,,0.0009000149118190054,6.0250864550290306e-21,1.8045748524259972e-10,0.00014208709146965436,0.0005664741729456176,2.2212398213977862e-08,0.9184021161592762,1.0167851973965717e-05
other/anti_socialism,1.2580498100769537,0.0,,0.0,,8.722792013220222e-15,0.2718740150559526,2.7043572017898124e-06,1.8691673523396492e-07,0.01839981703475019,4.23953794940422e-08,0.006712011466382696,0.8929535118400092
