,const,oil_brent_inc,oil_brent_dec,oil_wti_inc,oil_wti_dec,military,assembly,guaido/legitimate,maduro/legitimate,protests,arrests,crisis,other/anti_socialism
military,3.715804474721312e-100,0.04468045497018383,,364.32694711056206,1948.666664798886,2.0277733154219203e-34,5.872350858401011e-20,1.2360020900690669e-58,4.0223513585462977e-50,2.4221634372839423e-109,3.2273684902818234e-66,2.282105503601128e-55,1.0627316927098922e-110
assembly,1.6734179623400887e-100,0.03030975759735927,,250.92681730739733,908.1664888493677,1.029323312068095e-56,4.932376406492432e-07,6.225704390533811e-43,3.6610298659891384e-42,3.2564576529154777e-103,3.087531152930908e-61,1.491001577241502e-51,2.2732282394835475e-120
guaido/legitimate,19.40110152212769,0.002823104989367751,,24.04922766017895,0.0,6.46932535454742e-10,2.7089939481691862e-06,0.7813177422456228,0.44802172075302493,0.01507078502583206,0.034535414297834854,0.018718814283467864,1.5755287680762193e-16
maduro/legitimate,0.801299433373685,0.0011019373237273092,,9.387090336835588,0.0,1.2161636507831653e-07,3.0788591854921034e-14,1.881434806186073e-15,0.9294358194763931,2.490175053508536e-08,4.84997467472507e-07,2.921309249149941e-06,3.0977168873920504e-22
protests,7.878508062048573e-100,0.025401850767921497,,211.07910769038588,2377.499999709884,9.464662516848322e-60,8.631822299581988e-36,2.4836025552002155e-43,5.960698853004698e-35,6.582544873534576e-91,9.666764103030005e-60,2.163734365131662e-51,9.516714076734879e-115
arrests,2.746804446510359,0.00020693504532573272,,1.7628207362640569,0.0,1.8456386575710358e-08,4.959900864665327e-08,8.51977800359039e-08,0.12458621547654478,0.009564111109169,0.384901263877273,0.012359805707021736,4.4949155627341e-22
crisis,4.170931391628039,0.0009024805966274887,,7.687975264444263,0.0,1.204116937892103e-06,4.405299667146385e-07,1.094352560606222e-07,0.07720811267999501,0.015149175749403424,1.4965029546532389e-05,0.7940774212148616,1.4635316107309103e-20
other/anti_socialism,1.8455818922534284,9.347528588510874e-15,,7.962893478342601e-11,0.0,0.016426178952478877,1.783938120496373e-07,0.00019994811064301963,0.007095179522179112,0.00017784525943421192,0.5924358375955687,0.0013704036422239288,0.5921712996302605
