,const,military,assembly,guaido/legitimate,maduro/legitimate,protests,arrests,crisis,other/anti_socialism
military,571.3550050249208,0.6367778582461915,0.15571602241811655,0.01921126680719379,0.0001568474904045524,0.03620748643383017,0.4968922186620351,0.8053758628490868,1.0288640954958379e-07
assembly,29.255726295970373,2.3811666856638194e-35,0.975790414011978,2.1436100698489025e-45,3.0672622920007868e-49,6.225545420062671e-12,1.0679879107787263e-34,0.006191412083807985,2.387795681282445e-55
guaido/legitimate,2.124038830939256,7.105933531426682e-19,1.1070037602442717,0.8676646129520748,2.656270641490339e-12,4.137848995077916e-11,4.989263334113703e-20,6.307554929139138e-23,3.9910553138970614e-16
maduro/legitimate,18.536661629758076,1.5690565802966304e-16,0.09950508260897796,0.019196384054108232,0.8853223112609987,3.065220789677912e-14,0.009656402670577588,1.8398132791967024e-08,1.508938895401018e-06
protests,832.8145232575076,4.5415665495950754e-17,1.0722056303019374,3.300148063819872e-36,1.730206509943617e-32,0.8706382325388748,5.770207547770686e-08,0.30186676901497067,2.6914048393960126e-35
arrests,,,,,,,,,
crisis,,,,,,,,,
other/anti_socialism,,,,,,,,,
