,const,oil_brent_inc,oil_brent_dec,oil_wti_inc,oil_wti_dec,military,assembly,guaido/legitimate,maduro/legitimate,protests,arrests,crisis,other/anti_socialism
military,2.5131694839481313,7.74738009111409e-223,,0.0,,0.8786082108644023,1.523654295419271e-06,0.0008741355931243804,0.4645965868372653,0.005481401910646478,0.00015239330372502567,0.0008735407448377603,2.6284354106825372e-20
assembly,1.602345012900905,1.3008749741694723e-180,,0.0,,4.424968220527629e-12,0.9908912878583453,1.7276320209602085e-05,6.012338874846582e-10,0.0014643453898067202,8.461206389486239e-07,0.0025467349424599206,0.0001740297922885357
guaido/legitimate,1.5519462591493471,9.567701677060194e-270,,0.0,,1.1906361064182492e-06,1.656604733302051e-10,0.5549455095639088,0.020560990872222643,0.0017919304722594366,0.2875761514931366,0.002040656363827268,2.3907737562880443e-08
maduro/legitimate,4.835140278292141,3.9034107686950406e-269,,0.0,,1.3260094941909137e-05,0.0015425303459101949,0.012361971682261488,0.9625200028662285,0.00021822657903527916,0.29838734442998155,3.7588180177576828e-06,4.061278323560388e-12
protests,1.2784802216125752,3.2197555963123186e-266,,0.0,,0.005652551529774688,8.649604870853419e-20,0.00016493435249420805,0.010078055133528236,1.0606104167911417,0.013236307579439596,0.002316568550845675,9.862397887818716e-22
arrests,3.955575657893359,4.3097056317108645e-260,,0.0,,3.381550913069786e-08,0.0035739989694494392,0.0018271897223147023,2.6307890499571666e-05,0.0005803027354188655,0.8773476366538827,0.0046391111901525695,0.0002981811114915864
crisis,4.300204628743596,1.3208557229929863e-266,,0.0,,0.001676198973465795,0.056609385888834386,0.14864647488286664,0.03022015013351447,0.04234300850434216,0.0912907815594481,0.7830012032198179,1.8465586232199567e-19
other/anti_socialism,1.0564473442038906,2.7184921335169728e-263,,0.0,,1.6622706229211777e-09,0.0612505321258048,7.641341223544068e-09,1.5646945447744323e-08,0.004752302522344232,0.0002701990897529019,0.0007626469563615488,0.806868282260298
