,const,oil_brent_inc,oil_brent_dec,oil_wti_inc,oil_wti_dec,military,assembly,guaido/legitimate,maduro/legitimate,protests,arrests,crisis,other/anti_socialism
military,169.51124130003424,0.5466861695177736,,3.4429974256688007e-57,,0.6993945230954838,2.6918024042808977,0.18958666731056556,0.6532246434927239,3.629729945437791e-06,0.0005181187011360867,1.3437827187369804,3.4930519788758948e-12
assembly,2.4296913291590965,1.5982829651815027e-22,,1.2695770187879437e-43,,3.5277587354857637e-05,0.9436737803913471,2.93506001954241e-07,0.0036047953845145756,1.383132958455136e-09,2.0904137604013777e-05,0.00016762912796874327,1.4975188146943876e-06
guaido/legitimate,45.8319026799854,5.82466580297081e-77,,5.463718404303067e-140,,1.7730889167812086e-08,1.9623140579207357e-12,0.9039926308459109,1.7619278274119562e-07,0.0231877132371898,1.4155453238424935e-12,0.004518500179239319,1.3155425084449668e-15
maduro/legitimate,24.21030640135973,0.062461145761388906,,9.22537186788979e-53,,2.919932929159058e-06,1.5134478343132908e-15,0.02002322004347574,0.9086983859020584,8.34157634125279e-09,1.5143804800751433e-13,0.00019609530384310814,1.2013933191598388e-14
protests,26.85925817470567,0.2553285040631654,,3.136959285148323e-48,,4.021276951193402e-16,2.1093814921023022e-16,1.4674845426117746e-05,5.115209026222085e-13,0.9607240515137845,5.693892314471906e-22,0.2142386762310236,4.619594919754843e-18
arrests,120.05404285176695,0.17743866939367234,,1.0467633655618952e-62,,0.004531407772045275,10.00670241861399,2.4555629586486645e-11,1.1688798155784192,5.5124396928121504e-21,0.6365656748141926,0.00046882997156863477,8.099798170977304e-11
crisis,25.69338344477107,0.06187214665043087,,1.5975728581705822e-55,,3.018724908117857e-07,3.367434939980945e-11,0.0007504754514294977,0.0006289616317208604,2.8487301932121636e-06,3.8831515953211724e-10,0.9050149876353506,8.274940810109829e-12
other/anti_socialism,22.10380369969595,1.596418826385241e-82,,6.951731427244613e-162,,1.170672933010316e-09,0.02732709670386939,0.00017742441319894403,0.04238625153921111,0.0018043073664144277,4.818075047677455e-13,0.04349209307171236,0.6168197792647155
