,const,oil_brent_inc,oil_brent_dec,oil_wti_inc,oil_wti_dec,military,assembly,guaido/legitimate,maduro/legitimate,protests,arrests,crisis,other/anti_socialism
military,3.567653761712827e-12,,4.580956280155258e-13,372.609189269463,,1.9434218910074407e-07,1.0132652951702346e-05,4.311257395062532e-09,6.021235819418984e-09,4.861839605932007e-10,3.932801738934146e-08,4.9657570340882775e-09,1.1066249897540858e-10
assembly,1.4559015676510514e-26,,8.526831647813728e-43,2.74613783006704,,3.926843245921678e-16,0.1837501171989892,5.960279075748169e-26,1.2976018612640211e-20,1.311933463724875e-19,8.773214741145221e-13,1.4510157504191056e-21,2.0318131224916806e-24
guaido/legitimate,2.974256971910518e-23,,1.421219442808486e-14,57.432246357660496,,1.8450622515816226e-19,1.2046959061591924e-15,0.32205593588016923,2.92947366635134e-20,8.797209131185389e-17,2.850709654372296e-19,1.504741686570976e-10,8.065026302176534e-19
maduro/legitimate,6.682567925465967e-10,,1.8034156742486974e-08,29.098267555424943,,1.2680367396479952e-07,3.6323651528800825e-09,5.5847126902096485e-08,1.2540151021666528e-06,4.3566286070729143e-08,2.6048881219489407e-08,3.264312802202585e-08,1.254602501535159e-08
protests,1.216375806787879e-09,,1.54460522628999e-07,39.89062789504946,,3.05537676985588e-08,4.190724721084498e-08,6.809342702426741e-07,5.2176242360365444e-08,1.0673080127012181e-07,9.541214639115904e-09,4.903206193834315e-08,6.276079171438471e-09
arrests,1.0890091891606702e-11,,1.9639563285936316e-14,26.161040799489395,,5.1595075732427974e-08,4.4899964018270055e-05,1.6581920862841262e-08,1.541247135801188e-09,3.052030879248259e-09,3.055005490546831e-07,2.1257260309898505e-08,1.0674276773704092e-10
crisis,2.996173067566424e-25,,1.368375701225847e-21,189.75358167991055,,1.2797072040252003e-19,1.76484726209855e-19,6.243328310632034e-06,2.6826790711969444e-21,1.0808386086810714e-18,2.5601546447945843e-19,1.4425489502688559e-12,2.6918887497963487e-21
other/anti_socialism,4.9700779875129714e-08,,7.93613476462847e-06,20.21851252486371,,2.979497922826214e-08,3.5449538978495002e-09,3.087876231672571e-07,8.891352841971917e-08,1.3370898025315412e-07,1.2766541774295196e-08,5.7962538916658565e-08,4.93472079976368e-08
