,const,oil_brent_inc,oil_brent_dec,oil_wti_inc,oil_wti_dec,military,assembly,guaido/legitimate,maduro/legitimate,protests,arrests,crisis,other/anti_socialism
military,24.23178089412471,,,,,0.9131879335889792,6.095126352134603e-17,1.8529552956106927e-13,0.07025060979759364,2.1544499855654996e-13,3.9220947491404104e-17,3.0585493483402334e-14,1.1640891682095034
assembly,5.215619773669021,,,,,0.007416902971767613,0.919325307726407,4.972199372576107e-11,1.6632312456025106e-05,0.06250005216119493,5.897093291069065e-09,5.397659114853638e-15,1.1115208259046197e-15
guaido/legitimate,67.89196919689991,,,,,0.25304864909970237,7.567824759301694e-12,0.2971167529497423,2.1513304850273536,7.93639104236553e-09,1.3701791352937502e-07,6.85272249441614e-21,9.400408057308251e-06
maduro/legitimate,7.1910600850170825,,,,,5.117239025979227e-10,9.649644301102945e-15,1.1314546289240336e-05,0.9454727307091266,1.6606419570899952e-09,7.698882529910772e-18,4.067220442714811e-19,7.62529071695621e-07
protests,14.708205202596952,,,,,3.2459181812758523e-06,3.216486006251289e-23,4.593385912232178e-08,0.16791502895795865,1.0151727253878398,0.0010165276435933758,3.1273539794465637e-27,5.458902015049567e-07
arrests,0.44947668489369846,,,,,0.0005601434896392263,4.0104801128490475e-32,6.119745624045309e-35,1.2368376618920645e-29,5.622540356998616e-35,0.9955835288865246,1.798906298868684e-21,0.41401710421343346
crisis,3.418660181744393,,,,,3.3927421785058096e-26,0.09854303504639891,3.155966441707013e-13,1.1480107444605698e-05,6.403233301559032e-09,2.19051130495776e-58,0.8589973704394195,9.054856589397873e-21
other/anti_socialism,2.234034602604696,,,,,0.0004207655697033833,2.7947187712524858e-11,0.0007596510079824328,0.01627950409562354,4.164688307102614e-07,1.784166891697337e-12,9.860202610823367e-10,0.8881421565353311
