,const,military,assembly,guaido/legitimate,maduro/legitimate,protests,arrests,crisis,other/anti_socialism
military,121.49415050609669,0.9000504251896281,0.15372725260507772,7.541527433265099e-05,0.4350823559465256,1.181204088099099e-15,0.018810217659195386,8.365247230489209e-20,2.3730174553551746e-12
assembly,6.595479459024173,7.822701386097519e-27,0.9202812737160085,0.008893547670679989,5.633435439749938e-16,1.6990898386324852e-28,3.5698656703320415e-34,8.004221566903345e-15,1.2173265480244953e-22
guaido/legitimate,186.39263840703225,5.734157853637676e-11,1.0049678291846839e-08,0.9527838800906139,0.00622505547170432,6.099465873967903e-26,7.757876547200234e-21,2.6870472139805194e-15,1.3760037512925097e-15
maduro/legitimate,44.00766112049291,0.00014201108519845137,0.024297246480031336,1.0177579103688845e-08,0.9440996893496048,1.1285047184627673e-13,6.295584608910206e-14,2.1080344953282798e-22,2.484409002895836e-15
protests,52.02185911069819,0.008448175617943875,2.7752796517072105e-13,0.00023650005428092432,0.896008347235384,0.8042659468477111,9.684448420698061e-08,1.2769497332468215e-21,3.327479806377046e-06
arrests,82.91884072472128,9.509329416398399e-08,0.023470863184707615,0.060536223657343124,0.06099737856548502,7.632954919636307e-16,0.9290122691945581,4.551280198863074e-22,1.0274128094513414e-09
crisis,45.19490663161059,2.0121920462520213e-15,0.002659757262245495,0.006493790940840764,0.1334713470342275,3.2357361179839176e-07,4.0097320389325074e-28,0.8938345441653948,2.6869768853908393e-17
other/anti_socialism,38.75107196541881,0.020232159407090795,3.211943257120206e-13,0.010442603072744668,0.002996442239276165,4.064640325032508e-11,7.194200255737357e-05,4.6040824355063666e-11,0.41419688608338856
