,const,military,assembly,guaido/legitimate,maduro/legitimate,protests,arrests,crisis,other/anti_socialism
military,148.09161746834943,0.8747586671695311,3.5557637057841553e-07,7.832749800549366e-09,2.1796911795529893e-05,6.601710028959843e-17,1.4958279031358216e-05,0.8754108082052209,1.2124915374534525e-15
assembly,3.27051423067512,3.564003776241635e-16,0.957161316407527,1.5721509211865995e-17,4.9768108871459917e-23,6.891331658073299e-55,3.125301300536143e-21,0.0016703150776717418,8.414150935071742e-21
guaido/legitimate,80.94313196027612,0.03846179291653303,0.0022003204260117185,0.5080813886155219,1.2321997784746447e-07,7.880234697694429e-12,1.0636249548528157e-08,1.161241697814215,1.4697971768253577e-05
maduro/legitimate,20.948757816590398,0.009402984153803032,0.0005414171842159219,3.3795043764743015e-10,0.820789473699031,6.660744587121571e-17,1.8958000807297726e-09,0.09529931117705676,1.9454893915090887e-13
protests,13.025120663125234,0.015869636753454618,0.7433318366339227,1.4715511850060892e-06,9.943685243983056e-06,0.8644112592481332,2.313889188036946e-11,0.5780948445608941,7.199876243803314e-08
arrests,188.80739016820561,8.617853181474537e-10,2.3870710291503068,6.801891813702546e-11,4.080595773809371e-06,1.6595843839294316e-29,0.7758268509030258,0.800993967310772,2.2305774680185006e-15
crisis,32.37475848710483,2.850264312916968e-14,0.1011722341439263,1.566781966938434e-17,6.912111309776816e-14,3.2149699689297605e-27,1.2301529689581767e-18,0.9272955384257549,1.1394762460243448e-19
other/anti_socialism,23.021298102413596,0.01239429190577804,0.25337808358930114,3.1192194524444475e-06,3.2347689890155605e-11,2.792814664622137e-16,4.827332653196618e-06,0.0676895483618701,0.40397556044111593
