,const,military,assembly,guaido/legitimate,maduro/legitimate,protests,arrests,crisis,other/anti_socialism
military,19.12826937272265,0.9664384312899795,1.7329391683080862e-06,7.517178292421887e-08,4.7021225311452047e-11,1.3271443229502913e-07,2.106127920501419e-12,5.136267153344015e-09,0.0005227556878914508
assembly,7.675312183218517,0.04614349079539646,0.9211080769786969,2.25184600965544e-05,1.32387240078166e-09,6.389411866123071e-05,4.895092664667815e-11,4.988819394384144e-05,0.025065616960967575
guaido/legitimate,21.44175669512268,0.15084897012134366,0.24080070151990943,0.7529259571145452,5.244708443230849e-05,1.3511110294423973e-05,5.3701722604165005e-12,1.2588131676825892e-09,0.00012928051077726102
maduro/legitimate,1.4493203007757665,0.01689636028588712,0.00030606494441456076,7.607660836199356e-05,0.9304406068868304,1.6916005788454003e-06,4.727504866472853e-11,1.6281752681526546e-06,1.7754450375555317e-09
protests,85.99568745796007,0.13553040749702794,0.061104813277567706,0.00033901330449133036,1.0998204188294908e-05,0.8280412568888383,6.699133302202236e-13,0.10799427251985522,0.11237090196272816
arrests,0.8077711227592498,0.00031654021527263395,0.026785517354698068,0.000736606230804187,2.6461029344339935e-09,0.00012509889007869304,0.09176921989940577,0.009806666600764529,0.18722321634431302
crisis,21.922052302914484,1.3186482678706755e-10,7.812692121042571e-08,3.4528938058634887e-10,1.4417034353497954e-22,7.669287078282325e-05,1.3108658151066574e-13,0.920109384662976,0.01802797306479765
other/anti_socialism,7.807162180762927,9.990467959448816e-05,2.2734726993695776e-10,6.986020420157929e-06,1.313882056692534e-10,5.661483225236985e-05,2.409763917981804e-16,1.4293576206674257e-08,0.8862521307667502
