,const,oil_brent_inc,oil_brent_dec,oil_wti_inc,oil_wti_dec,military,assembly,guaido/legitimate,maduro/legitimate,protests,arrests,crisis,other/anti_socialism
military,8.132883954071326,,,,,0.6917379193632324,5.4005667359254964e-05,4.3639024288218036e-17,6.865533652288962e-07,0.1277892498991625,0.2682419245404417,0.3500469247675054,0.10788951337361401
assembly,1.904357473437172,,,,,3.5892385846081744e-06,0.9153923679669709,1.667665381518097e-20,6.965023575020078e-12,3.985151252777746e-05,6.207478962120192e-14,5.194657987680619e-05,0.1129269565578531
guaido/legitimate,2.2468816631043687e-05,,,,,5.203262372054393e-05,0.23800507917334945,0.9440752025305695,1.3731859982600951e-05,1.7612394541244188e-05,0.0037002654919437807,0.0004761627515325772,2.854224120177996e-07
maduro/legitimate,1.3188032145272026,,,,,0.000299204925579463,0.010635431470986506,9.579151912819275e-08,0.77316249255757,0.00026873672565197796,5.315233235161175e-08,0.19668867163279186,0.03902485898083998
protests,1.0861781675307485,,,,,0.00029704173052374344,0.00031699325684222306,1.8966186670946582e-18,6.957807641908483e-07,0.9121132888757716,1.2600267508054784e-07,0.04760603653286989,0.1796312557839011
arrests,1.163417424593681,,,,,5.116613396121039e-06,5.2070795064504915e-11,5.1184414884287425e-09,0.00010118986942230493,1.2618933756926703e-11,0.9209920082158118,0.04238867476880595,4.61897011281111e-13
crisis,3.461885387811438,,,,,4.931607327587219e-05,0.03497897026863409,4.826805106694517e-10,1.5054018991722119e-05,2.228521634628945e-05,1.1160630466777799e-12,0.9019004754453802,0.0013167161436455522
other/anti_socialism,2.111446450714974,,,,,0.0001491475353206356,0.0015295930148305503,2.6630116143432618e-20,6.623039812034427e-15,0.010600677530575319,2.8008740808043666e-08,0.0011776035437229594,0.8659811172915561
