,const,military,assembly,guaido/legitimate,maduro/legitimate,protests,arrests,crisis,other/anti_socialism
military,167.1665829832239,0.7027475572221618,2.6018226715810777,0.16939783296272717,0.6386195907068951,6.026997988019132e-08,2.842723173168447e-05,1.425598017048612,7.05303556943179e-17
assembly,2.2178236796718154,1.7005424870035605e-08,0.9377154150592838,4.759495922020217e-13,0.005436318182805879,7.174884330519451e-19,7.11221433432995e-10,7.241259638784221e-07,5.855982452334509e-13
guaido/legitimate,46.07542812691134,5.349070510653339e-11,8.739318212333979e-16,0.904362826493876,8.92810641133818e-10,0.023272126753507167,2.635310937076587e-16,0.0016209391551978145,3.546397898745083e-21
maduro/legitimate,24.256449293981344,2.5520648945224495e-06,1.2771866878075356e-15,0.02003999218172396,0.9086752194741765,7.478451369937185e-09,1.1154860021431441e-13,0.00018778167436799497,8.44718494855374e-15
protests,27.34358137823774,9.785918289219033e-22,6.520882734014853e-22,3.5009152468086674e-07,2.1359828772952756e-17,0.9610096052299126,9.811511719107482e-30,0.2109181921979197,1.1374998170606758e-24
arrests,120.28940193502403,0.0009677207919647061,10.020770732832238,5.4048956104624326e-15,1.1915555728848946,4.493341746311852e-28,0.6371711105929198,4.264315570044214e-05,6.238161455233827e-15
crisis,25.686392766282594,3.6448457226070204e-09,7.800941506905262e-15,0.0002586000198212807,0.00016388637396940711,7.534595824641144e-08,2.2198379997001738e-13,0.9076407082948799,5.319997704864732e-16
other/anti_socialism,22.0158707616303,1.630243240229478e-12,0.026386898806739292,4.1574085269124646e-05,0.042221098752785895,0.0017470610719063783,2.3094202708422543e-17,0.04527884449751915,0.6166764923667266
