,const,military,assembly,guaido/legitimate,maduro/legitimate,protests,arrests,crisis,other/anti_socialism
military,19.015630302430363,0.5995854240660248,7.735466930086325e-08,0.597645041143884,6.685008110890666e-12,1.192456803322043e-09,0.1103008561909739,1.0182727039443071e-07,1.0294005572474945
assembly,0.251072995368084,2.8322175479219318e-05,0.8584790729629623,0.14032222949157383,0.10803641124691439,8.484491989455745e-07,2.23768125091288e-08,1.7027391135131085e-06,4.335376750601351e-07
guaido/legitimate,8.161136706720846,7.416174435703717e-09,1.4315090083718497e-19,1.0284257182477294,1.2280700735162698e-14,3.5841345814999613e-06,0.0363397956032261,0.012085356034275681,0.0011502106454558498
maduro/legitimate,0.49495587010899794,0.0007724317187709844,6.830275886512805e-08,0.048681253540730066,0.9683508269048592,3.820323517442874e-15,3.523540532375868e-09,0.0025977594313899162,0.02369961673087316
protests,50.43278932363188,8.338977193949671e-07,9.000703801806308e-12,2.1349706227051223e-05,5.3872764335396484e-05,0.25169088985259735,4.074724714078916,0.20742907517005793,2.3663280791580458e-05
arrests,7.0849106525982,2.8240100032359414e-09,6.350598681367645e-15,6.53352757884399e-08,1.6503803357696592e-13,1.9090855177138663e-05,0.9595033267257155,1.772635088199681e-10,6.831485173986436e-08
crisis,4.848460918023694,3.905417007660837e-06,0.008743287986798812,2.928738324188043e-12,0.018423832081185382,3.695432369807755e-11,0.0011333467368805166,0.9249972225221903,0.2401850626879689
other/anti_socialism,3.3501523229508563,8.73980220469872e-06,9.95045748967633e-07,1.121015358090244e-06,1.3885718921128924e-05,0.0005774721281048811,0.023806130967736434,0.00045544731997363867,0.9108582680124907
