,const,military,assembly,guaido/legitimate,maduro/legitimate,protests,arrests,crisis,other/anti_socialism
military,62.883618440994915,0.7226193025558871,0.2356301913883498,3.875339645001857e-15,0.2971971667425334,5.988065613744545e-16,1.0794308881193162e-20,0.3295500937365033,2.3436188919845705e-08
assembly,14.878087938321805,2.864422619606089e-22,0.9835173383990217,6.093909403651521e-06,6.579977448429594e-14,6.282936113557328e-09,4.4340364389949353e-38,0.035895083806837355,9.350631148924638e-28
guaido/legitimate,5.398453658649749,8.944339836693047e-12,2.8257875377468736e-09,1.028260040810159,0.008692732876633706,2.194913700007961e-06,3.509124849336409e-33,0.060729527997611,1.5177633867398532e-08
maduro/legitimate,13.763393839192295,1.8348972168393307e-23,2.777579501894327e-18,1.903138799234376e-16,0.9353790754224273,4.5073983522271894e-09,5.0802167737072e-51,0.13443701451509668,0.09965888042704076
protests,9.28895504754737,2.5526239643814268e-20,0.01781918910812929,0.00019451150469200495,4.192786021422194e-08,0.9251795302718812,1.3775576575098046e-26,0.2503063802150438,1.7297996797982033e-11
arrests,0.8525370695167314,0.008026073926244114,3.260811339216403e-05,0.0070335578467599,6.11815787214048e-06,2.5256879428176456e-12,0.9332252181681596,9.454446904642341e-07,8.513441403677208e-16
crisis,16.674194651725433,3.001139363846722e-12,0.00018971732610992487,1.222294018850782e-12,2.3978314222352456e-10,5.111769798038722e-10,1.1479962725450327e-18,0.9370786950414116,2.7221329921980462e-08
other/anti_socialism,3.1761677586973036,1.7257526553387502e-07,6.487665347369571e-10,3.2339736822828036e-18,0.00023077695415623577,5.5481977256312386e-14,9.360953026251893e-13,0.020136081489437952,0.8784455739474837
