,const,military,assembly,guaido/legitimate,maduro/legitimate,protests,arrests,crisis,other/anti_socialism
military,238.2073068687307,0.8292615761926284,0.10415411539176901,4.4991598100021675e-05,0.42977768857074994,0.004669893496991148,0.0014590288890464146,1.8136004036290449e-19,0.1779999020867375
assembly,12.248510893873059,8.623382392119456e-13,0.9977980297030166,4.9411311767123055e-05,0.0017152252523084327,3.259557607416859e-16,2.9980147490804784e-13,9.894556145429108e-11,3.1905809146373614e-06
guaido/legitimate,211.37417442108384,1.63042456448516e-08,0.3957095111547899,0.8290693948809162,0.32832834105016623,2.9923399354845734e-09,1.5356251879061275e-12,1.967866988446292e-14,0.00015020949038975894
maduro/legitimate,87.84746778646415,6.070582535456556e-06,0.0007034901523872741,6.500473146824415e-06,0.9255981679335965,8.462000266934583e-09,1.9936095133087127e-09,3.7937528508758264e-19,5.176054131576952e-06
protests,256.97477993542805,3.2527285411993694e-13,0.103033888334232,6.211032237028831e-07,0.21770218796372154,0.8339381639550479,7.023092476923929e-14,1.642295035016632e-22,2.5277470460716993e-05
arrests,36.330672793348505,1.407296526483328e-06,0.019211434198643636,0.04953160538929682,0.2139537480154769,2.2596031094618904e-07,0.8132924065022821,7.022645676973046e-19,9.75579424591746e-05
crisis,35.26650895398446,1.3683993571331762e-05,1.1779360781314453e-26,1.4872683632299651e-08,0.006912635653054404,0.0639838146832752,0.00035000012363686463,0.8674293717729751,0.04244547683978669
other/anti_socialism,34.388263122712615,0.00013613928968638287,5.3799801912527745e-14,8.836950240787003e-06,0.028511274981254376,3.6017905577299195e-05,7.681207310928662e-07,2.9533219931339954e-10,0.7938737825967276
