,const,oil_brent_inc,oil_brent_dec,oil_wti_inc,oil_wti_dec,military,assembly,guaido/legitimate,maduro/legitimate,protests,arrests,crisis,other/anti_socialism
military,22.83460691588579,5.159038321676786e-196,,1.0228858539553666e-195,,0.8550726703487993,6.46928411620614e-09,5.559839808660503e-07,0.28388889563374103,0.012768807784775911,0.00042306308310687224,9.89451406579449e-07,6.776923224000507e-14
assembly,0.12574459308415467,9.453214544638158e-43,,1.0989460354893398e-42,,0.0007191868432521893,1.1279462189769898,1.9624464399217326e-07,0.0007387735137267021,0.0011848451032039661,1.9983311057529067e-05,1.6820490587023163e-07,0.01672567154305145
guaido/legitimate,1.5632720958991417,9.429514361015032e-196,,1.869595891355269e-195,,0.0022620375807953603,0.05863340204980531,0.541926167627101,5.955158634483581e-06,0.0083138864510105,0.21475926148133578,7.3668025621229835e-09,9.200343421176286e-10
maduro/legitimate,0.2175091496768664,1.178992652229069e-178,,2.2221449998109158e-178,,9.002958480463644e-06,0.01767996338546783,0.12017123518308012,0.6549071570589713,0.046283646707380915,0.22127516435697137,1.505035369655131e-14,3.0975782321463395e-10
protests,1.7082723621720097,1.0122797013054183e-149,,1.6729702095839556e-149,,0.00016082243931863873,0.012692530968069509,0.0036321062286632454,0.00016722383530746017,0.8672263316190889,0.038844684941556434,1.9473871406193902e-07,1.9891651787440067e-06
arrests,1.5131606841857783,7.079392665924429e-171,,1.2929550002759534e-170,,0.00013654174618047595,8.646688649844497e-09,0.003244967151946557,0.0066228605365193155,0.2335779367516642,0.7153329563404874,0.0001146010026451261,5.16590261090021e-11
crisis,3.684577943067962,2.7691787105036392e-188,,5.4904684815907964e-188,,0.045228231377287376,1.2969345136908486e-32,2.3622493725535385e-08,0.4684579792132583,5.775080754255963e-05,0.11078548376783355,0.6249630690598421,1.429558775233908e-19
other/anti_socialism,0.35375665737638734,5.378682101885062e-88,,7.121177786498261e-88,,1.8751718295565758e-05,1.301456919600272e-11,2.616489200969429e-05,0.0002472634534169354,0.1485521337773973,0.022234371177746567,1.399700272987908e-06,0.8474784813995656
