,const,military,assembly,guaido/legitimate,maduro/legitimate,protests,arrests,crisis,other/anti_socialism
military,0.001905539676058255,0.9980944603239418,0.0,0.0,0.0,0.0,0.0,0.0,0.0
assembly,0.0,0.0,0.8987341772151899,0.0,0.10126582278481013,0.0,0.0,0.0,0.0
guaido/legitimate,0.012,0.0,0.176,0.664,0.02,0.0,0.128,0.0,0.0
maduro/legitimate,0.0022197558268590455,0.004439511653718091,0.0,0.0,0.9933407325194229,0.0,0.0,0.0,0.0
protests,0.00145985401459854,0.0,0.0,0.0,0.0,0.9985401459854014,0.0,0.0,0.0
arrests,0.00980392156862745,0.0,0.0,0.0,0.0,0.0,0.9901960784313726,0.0,0.0
crisis,0.08479943701618578,0.5327234342012667,0.0,0.0,0.0,0.0,0.22484166080225193,0.15763546798029557,0.0
other/anti_socialism,0.002678093197643278,0.0,0.0,0.0,0.0,0.0578468130690948,0.0010712372790573112,0.0,0.9384038564542047
