,const,oil_brent_inc,oil_brent_dec,oil_wti_inc,oil_wti_dec,military,assembly,guaido/legitimate,maduro/legitimate,protests,arrests,crisis,other/anti_socialism
military,28.954648048837317,,,,,1.0387494243951807,6.503566399247107e-19,5.075085497645116e-06,1.2308158425617606e-11,4.0708759754494735e-12,2.6501885829203833e-13,2.1476431232729826e-13,2.523436064824724e-12
assembly,3.2717819894773257,,,,,0.0073937760194062105,0.9506822103360787,7.999938263402021e-22,2.407246055244913e-08,0.007169919068649628,1.5845512883502732e-15,3.894490282430372e-16,0.0017306359300116145
guaido/legitimate,55.09773105264164,,,,,0.005740857658494861,0.1574724265333675,0.8863136978938447,2.228254528875197e-11,2.201905532655134e-07,1.9420160907070015e-12,1.7273327152669773e-06,5.4691109517318624e-05
maduro/legitimate,2.9730999036775363,,,,,0.0018628634074161748,0.03128148582359727,2.602158457755944e-09,0.8666185360314403,1.5037205276773014e-05,5.249598499358192e-10,2.151741463508712e-11,9.3414428950993e-08
protests,27.607977609074467,,,,,0.18898638845415816,1.8119374944910873e-06,1.1209862169486549e-10,3.9957138492105897,0.43958293828331085,1.440453178955756,0.009117179970769398,0.555817534395187
arrests,1.9204229336593343e-11,,,,,0.010616514575406905,2.126030695053454e-06,2.1690932330550937e-10,0.039097839067722684,0.00011207066105673273,0.8712884554791279,4.321246779232961e-06,3.325899907600444e-13
crisis,10.262301626341879,,,,,0.0013398778592102597,8.048886854837096e-10,7.614046777645582e-06,0.4982912438306185,0.0033275567546908096,0.2323000534454406,0.7188651714316052,0.024383192017664767
other/anti_socialism,4.0689949913485615,,,,,0.0005633010211505368,6.151590129708366e-06,1.5619425647971524e-05,0.021057721120345336,7.916682406898808e-06,5.734516189821385e-10,7.38670764630412e-08,0.8766048660338936
