,const,military,assembly,guaido/legitimate,maduro/legitimate,protests,arrests,crisis,other/anti_socialism
military,2.5490713942715577,0.5480512744422735,8.663161591551365,0.001781219863638878,0.22765521841910996,2.182614884175219e-06,1.223458787020909e-05,0.5280027084705181,0.19258189399611556
assembly,0.13771297269612334,3.181220382947325e-06,0.396823320964028,1.1349984821651248e-13,1.735894901785145e-08,2.0866500741166854e-05,6.473422201773591e-09,2.2832014924241318e-06,2.2932246455908076e-20
guaido/legitimate,0.496276009732344,1.3699451406862819e-05,0.8261839364288109,0.18645145851299766,0.02395569739515021,2.1632662397853953e-07,0.02090133043076353,6.014137260725248e-07,0.16391897912188536
maduro/legitimate,0.4830756663109265,0.00012697209539088244,1.4210812829497055,0.0003320381441236306,1.0213757139099962,1.1981543797299232e-09,1.1400528839442947e-08,0.0002248191909339417,0.005564601588753811
protests,2.461091271952963,0.00017611318646515786,2.122268961361054,6.216058726392722e-10,9.899664853181319e-13,0.3871579454236255,0.00019745374741167904,0.11981369696459998,0.0009655208097425081
arrests,1.2490182105863215,0.01880660892273557,0.9194395044286543,4.725998296237684e-09,0.020669174958826652,5.894856597742215e-09,0.6343798313558349,0.0783886955127737,0.0005568879780094121
crisis,3.6131683482494394,0.0026388279672665805,0.42565386253706805,2.3412260560881856e-08,0.02874667239882317,1.250877139603331e-14,2.8491143142587834e-10,0.8808384006481009,0.10917943161688809
other/anti_socialism,0.8519999041625407,4.176478118926039e-06,1.1242288163290817,0.01916028537310024,0.028053861597247324,1.6717660745328943e-13,0.0009236389751842315,0.00025508797863897447,0.8560761764773893
