,const,military,assembly,guaido/legitimate,maduro/legitimate,protests,arrests,crisis,other/anti_socialism
military,665.6658941899843,0.3100228078987393,0.544384944428214,0.060381318966569925,0.5304262234357329,0.04048091569182341,6.388206016726106e-07,0.00021249035695525303,3.004814707976475
assembly,13.467770605424514,1.4964472266819432e-13,1.0166454638720261,5.862202030289966e-07,8.289531308266377e-10,1.61627746309804e-13,1.9269441722389667e-09,1.028586861969499e-07,1.7508526154708915e-10
guaido/legitimate,427.6637142189959,1.2661571421605586e-19,0.6165791402600611,0.8881231372637253,1.4184172821777258e-05,2.0177974060395143e-10,2.4758391968523626e-13,4.283304412242521e-14,0.0007391926339524745
maduro/legitimate,167.28486874594373,3.035807150053967e-14,1.1895788115565087e-08,0.01913588430800167,0.8819346858378598,3.8182491774191016e-09,5.94007592761716e-13,5.915181414905784e-20,0.012570538839382741
protests,172.76867306655072,1.6539757961529021e-15,0.371689614156452,0.00012228647439137673,0.004748054795984057,0.6103326666794273,9.998982632960517e-12,4.94863649662545e-19,3.1605946739231565
arrests,216.41432364446084,9.633161312579786e-08,0.23617435083622326,0.01726948150063812,0.0664524357686999,6.950026030228673e-07,0.6898892530207896,0.0002160492814180007,1.7788216869993216e-05
crisis,135.7962294317946,6.53191007078236e-18,1.619700136607994e-05,0.003600203211070516,5.002711769365976e-05,6.309916571865786e-07,0.0008347976981862389,0.8679277996525252,2.7163386490327803e-05
other/anti_socialism,42.31363560684008,2.5989533614381163e-16,6.420607300004517e-22,1.7852867970754618e-07,0.00016114810586305883,2.6718173829536847e-06,1.5484202874043895e-17,5.765342052882706e-19,0.9410856059291696
