,const,military,assembly,guaido/legitimate,maduro/legitimate,protests,arrests,crisis,other/anti_socialism
military,24.343322377434465,0.9131104289232502,6.86276892899514e-23,2.7317892541466117e-18,0.06599707585799054,4.9169710432022175e-18,2.720063937199302e-23,3.456043340068372e-19,1.1753563477905657
assembly,5.220300188567517,0.007405487912482917,0.9193314597019521,1.070506739945613e-11,1.0353171313841328e-05,0.06250167329145587,7.52664149005697e-09,5.348183386389544e-16,1.0603657101404653e-16
guaido/legitimate,67.93159391479733,0.25320633618758553,1.428655629428268e-14,0.2966177438663702,2.153015788681963,7.043946929398283e-11,1.2290248482537082e-08,1.9816668741838365e-26,5.010834782790911e-07
maduro/legitimate,7.191049058667538,5.286909407368547e-10,1.151723734014018e-14,1.1347598669697593e-05,0.9454726257335981,1.6999616784826338e-09,1.6033743198188958e-17,6.345732010900493e-19,7.824765402386038e-07
protests,14.665132159316238,1.7731476480922352e-06,8.980573110572645e-24,2.8608982458067933e-08,0.16912602897953855,1.0146225152144472,0.0014335772795910924,1.110331332308156e-27,3.6888108043582355e-07
arrests,0.449479204490346,0.0005599460634864781,3.567734776796476e-30,2.042925298302327e-33,6.132903422014965e-28,3.291099659672943e-33,0.995583607429188,1.0437320013946813e-19,0.4140199105745489
crisis,3.418696692203014,9.596267604699539e-27,0.09854349126467099,1.7452956655467517e-13,1.0331548071635986e-05,4.9079234009182156e-09,3.9810706944967548e-59,0.8589969773340607,3.483792371690924e-21
other/anti_socialism,2.2337806530722952,0.0004141073025360999,2.6992612916525787e-11,0.0007387693554891525,0.016377620507252385,3.8925220430318197e-07,4.306482049161369e-12,1.2695135537730204e-09,0.8883818398252598
