,const,military,assembly,guaido/legitimate,maduro/legitimate,protests,arrests,crisis,other/anti_socialism
military,110.74990095906219,0.9910687440898774,4.70244872035417e-20,6.5022868387870565e-06,1.0704879354732547e-11,1.2205932544042396e-19,4.893863093230157e-17,5.795453979144863e-13,3.281771076752855e-18
assembly,7.009389516448851,0.0052952680608151,0.9960492959602364,2.3670620785239295e-20,1.0110308199764912e-08,1.882017422070519e-27,3.278096761512397e-08,0.000989774229770275,1.4872966421434727e-09
guaido/legitimate,114.29928053968287,7.853322375323674e-05,0.03880862499584498,0.8943225961330166,0.0003424016223980087,1.9958455052374422e-11,1.1426387429305267e-09,2.3396591247064526e-05,0.0001880268066894361
maduro/legitimate,3.497723452926039,0.0009549082276448684,0.018727414096499494,8.26955432903914e-06,0.905260609184551,3.2511561661319943e-18,2.6231835398524384e-16,1.0298052937013132e-11,6.413244681910353e-08
protests,33.548940587057004,0.14341652204701483,4.289108446277599e-11,6.263878459518148e-08,2.524765643637146,0.7884062911120088,0.00016408205284626617,3.6900627217938266e-08,2.777994662854804e-07
arrests,2.3134165955584376e-14,0.00699719805763353,2.860691685676341e-09,9.816756679899455e-13,0.3474597627936969,1.3120619341699244e-07,0.8392735597937712,0.04794215783821629,7.02805569889642e-08
crisis,14.559878477854086,0.0026586240102503883,1.0476753866610536e-13,6.128959660127037e-06,0.7842006691513708,3.3907212155395906e-10,6.405278518424701e-11,0.8340417588378722,1.1095607634557622e-09
other/anti_socialism,4.455545236305831,0.00037985935929466246,0.006066394601915939,1.0606761595987374e-06,0.001446633769501656,2.8216009117526245e-11,1.6914928686225653e-05,0.002765854185202822,0.8661780144496392
