,const,military,assembly,guaido/legitimate,maduro/legitimate,protests,arrests,crisis,other/anti_socialism
military,212.09921487742864,0.9138789084339447,0.19602540048355074,4.27927804336337e-15,1.5500817630241214e-11,2.1345266376845465e-21,2.382604980345081e-13,8.750234101837522e-23,2.04104342906912e-23
assembly,6.3947248474112826,1.4596152511681204e-05,0.9849271971275927,6.627897309045608e-37,2.720556877320147e-30,2.152888479800514e-08,3.3254129645094257e-10,5.0110012335075855e-53,0.0023761829007869295
guaido/legitimate,10.483045643624868,0.04152895068187858,0.002723899891269576,0.9014126083699505,0.0013817939532897382,0.012898435928355444,8.68874880397365e-07,6.098580882491786e-08,6.306751842476057e-13
maduro/legitimate,23.996189885788112,0.0032160222978064256,0.06235524382487154,0.008862155665879478,0.873508441361901,2.4008573871460753e-05,1.4267013198596727e-16,4.906411730992244e-05,1.459521753622889e-36
protests,3.2560067929682135,0.040274065936014694,0.20359925760395478,2.6987590908188684e-18,3.711325629654712e-15,0.9320003170028909,9.793276479639475e-16,1.0906024649801334e-07,2.597204505284074e-26
arrests,236.57453311106994,0.010696775826804636,0.00132890487312587,4.8320945395743756e-17,4.0758953716607895e-06,0.0012575745144675979,0.8822410679598126,5.15009047570568e-36,8.632097294111485e-05
crisis,3.6139521173360087,0.011411074940895521,1.7988888079634977e-07,1.241108642074884e-15,2.1998622408935712e-10,2.02009124277061e-18,8.640556426362502e-13,0.983960186554299,1.306129865614014e-29
other/anti_socialism,4.587272766032673,0.0071324689738472315,1.5585249908855185e-20,3.3240813739606574e-19,6.053585225807348e-16,3.2417375809450883e-13,0.00016701001016283863,5.276556333046511e-33,0.880660533224386
