,const,military,assembly,guaido/legitimate,maduro/legitimate,protests,arrests,crisis,other/anti_socialism
military,28.95467339716869,1.038749429139445,1.0680505951860763e-18,5.0266803944971434e-06,1.549574394275067e-11,4.170058523129775e-12,7.513745262826045e-13,3.1726394685302343e-13,3.2800276848971736e-12
assembly,3.3051397899426482,0.007480199404801373,0.952030294318752,2.5259077501233254e-29,1.445365671170345e-10,0.006836700200602449,2.6667067267934383e-19,1.0500378152310975e-20,0.0006012114551479798
guaido/legitimate,55.0977808046626,0.005741213043261074,0.1574706357022558,0.8863122888606791,2.501899851065824e-11,2.1113652696677749e-07,4.828268823937543e-12,2.2139595368159736e-06,6.279848094342909e-05
maduro/legitimate,2.973109750309653,0.001862909744533125,0.031282674732060006,2.7165256899987687e-09,0.8666169066280639,1.484642785830859e-05,1.5184939028278745e-09,3.160597322503961e-11,1.1413497682673014e-07
protests,25.71372647701391,0.19230086475228614,6.339805193742023e-08,3.7269229011877653e-14,4.07571414839571,0.4059714110404193,1.6556536721174757,0.0018363931443786566,0.8678037409861169
arrests,2.922770951247294e-10,0.010616303741551997,4.304715356618855e-06,7.986354241464278e-10,0.03908078830848783,0.00011359772783081718,0.87127679606648,6.132054820495209e-06,4.17587202304521e-12
crisis,9.67244757265742,0.0018422680797775272,3.933990073093715e-12,5.599197384456189e-07,0.5099719415665288,0.00105195248328967,0.23644123933615044,0.7224238426223325,0.03760240108739787
other/anti_socialism,4.067441062841347,0.0005655011988976002,4.313086859329266e-06,9.384187329007856e-06,0.02114956812446147,4.777585381265926e-06,3.89312163870832e-10,3.5378229472280224e-08,0.8765547208943472
