,const,oil_brent_inc,oil_brent_dec,oil_wti_inc,oil_wti_dec,military,assembly,guaido/legitimate,maduro/legitimate,protests,arrests,crisis,other/anti_socialism
military,3.5000910284095784e-106,247.68598586557607,0.0813008130081301,0.0813008130081301,247.68598586557525,0.6929971167620963,1.4326811140819113,0.02965781899419949,0.361810716309927,3.192994565637184e-08,5.675627440021843e-27,1.1196645782469637e-09,3.855186224075449e-12
assembly,1.1944300416874308e-56,12.524397457003948,0.0,0.0,12.524397457003854,8.187322530509245e-11,0.8801708804070643,5.4455762790481724e-08,2.973916649600244e-07,1.455794893561313e-05,3.355060906447507e-16,1.5181458666965529e-34,5.111392705698201e-09
guaido/legitimate,4.484274365407443e-62,164.33930813450434,0.020325203252032523,0.020325203252032523,164.33930813450527,3.0183615634233687e-09,3.3074682372486795e-06,0.90273036854539,2.5746336050231563e-06,2.9688846074574633e-06,5.8179330461073355e-12,3.2959659970574495e-18,1.2612746147558286e-09
maduro/legitimate,4.0005636216297853e-115,94.22491990186957,0.04065040650406505,0.04065040650406505,94.22491990186964,3.313675335531845e-08,0.2710788001286694,0.019063945824230034,0.6933416593203862,0.0009059894781320154,6.884924055617099e-28,3.148106539028892e-18,3.882843946434236e-11
protests,5.816373997063824e-110,175.03909664829504,0.10162601626016261,0.10162601626016263,175.0390966482955,1.137939017426917e-13,0.3878044897249847,1.311715934512042e-13,3.655178311773254e-07,0.7974599371603817,1.373009220913343e-25,2.629010489640652e-22,4.236276409921167e-12
arrests,1.073350888268481e-117,260.73184098227364,0.0,0.0,260.7318409822733,3.765257264530527e-18,4.004215107770478,1.2953864037775567e-11,2.396785288827072e-08,0.10717850560037828,0.5188684612155962,1.590389623659582e-51,1.358230308930379e-06
crisis,5.847466628343021e-82,28.07892539460077,0.0,0.0,28.078925394600553,0.027651018245969335,2.6389472837326413e-05,3.385150158296847e-13,2.623255873367738e-08,7.454642545421464e-14,6.549125986286954e-19,0.873625128438814,5.10967629269624e-17
other/anti_socialism,2.255512538969829e-53,26.095714662576643,0.0,0.0,26.095714662576647,3.770325026396563e-08,0.08209671451998032,0.006785580937521845,0.0038490168607461517,0.05519531657308423,2.8886832486057067e-06,2.1062015876530446e-19,0.000975540245935608
