,const,oil_brent_inc,oil_brent_dec,oil_wti_inc,oil_wti_dec,military,assembly,guaido/legitimate,maduro/legitimate,protests,arrests,crisis,other/anti_socialism
military,3.6572901950254842e-09,,1.70092200969297e-07,195.70604712604845,,9.06659241796266e-08,1.5432545814645346e-08,1.3512058889941844e-07,1.1282486855003419e-07,6.461702220567615e-08,1.903622604161334e-07,1.59383722388971e-08,1.2417056022626678e-08
assembly,6.998547525316994e-12,,1.21686975406871e-13,44.147509775774594,,1.6204080631794507e-09,4.0062619793892605e-07,6.395429833404298e-12,4.209650439246892e-07,1.8074368891587388e-09,3.0129697135012635e-10,1.8620554950479857e-07,5.3496577689466e-10
guaido/legitimate,1.2473334189714214e-35,,3.6238509847508077e-08,117.42918343545769,,7.271638009412258e-42,4.094449078836959e-52,7.28700828710204e-06,1.1059522709802259e-49,3.2113947954918844e-52,8.12707359180444e-24,6.604932852269523e-55,2.3287246230419328e-57
maduro/legitimate,4.174728638866616e-12,,2.040384369093262e-12,92.52532753834869,,1.5754629067698926e-09,6.972887784019337e-08,8.439419996459623e-12,1.158783317041527e-06,2.0438309729903588e-09,1.5453618493935446e-10,1.1101740748376157e-07,1.5234682317279388e-09
protests,3.2760980370138587e-10,,7.605379749761893e-09,68.89307152820076,,1.1019088504134321e-08,1.0733936257806621e-09,5.574006307315671e-10,1.518581848239889e-08,7.854820228504966e-07,2.7940382409251366e-09,3.1592852829764095e-09,5.504345206403065e-08
arrests,4.1398285794046253e-13,,2.0506990326137617e-07,52.98968177559614,,3.7874392809338914e-12,2.3136123292287815e-14,1.1929382707019275e-06,3.810057851953082e-13,2.7264222125003274e-14,4.304762065665335e-08,1.5743370648051704e-14,8.056151805145715e-15
crisis,1.1291933917010808e-12,,3.296703122402058e-15,102.44903964281635,,5.344324109781808e-10,1.9506806907789055e-07,1.3725197089435274e-13,3.9773395786967695e-07,6.703445756037377e-10,1.1587732602568257e-11,2.6571710003399195e-07,5.333875415290134e-10
other/anti_socialism,3.0485802284874753e-09,,3.690013565501802e-09,22.99611996309062,,9.089699643659672e-08,1.905359719151471e-08,8.972346843740272e-10,9.748285803095845e-08,3.7266575836603595e-07,1.0772525582455111e-08,3.073639729986378e-08,3.3618381721126686e-07
