,const,military,assembly,guaido/legitimate,maduro/legitimate,protests,arrests,crisis,other/anti_socialism
military,5.5624613349110845,0.9395067056696195,81.5408389504039,3.2339055084015604,0.004117487507266942,7.573721865006171e-18,6.228946439543589e-14,9.182397183189077e-17,1.114398244552939e-18
assembly,6.6006138774035855e-09,8.061188921217189e-07,9.128071111714322e-05,0.0034251491040091673,1.007314680528263e-10,0.0007590488818604606,2.6119304296817736e-05,4.434305390606405e-09,2.32779488622292e-08
guaido/legitimate,0.9522751981395586,7.988876712382076e-06,3.221318714446634e-139,0.7579843340538516,2.4705704808381307e-08,8.937463640517706e-24,0.02230864929454817,4.876653119779943e-05,1.6009969044539707e-06
maduro/legitimate,0.9707345569546483,2.0368279708684926e-08,2.6003752813968486,0.302620093238576,0.8925379014315399,0.0032600578948166685,1.8630122398061813e-21,4.556373308118486e-08,2.632107940994981e-05
protests,0.8772058581693599,0.0009548334426537581,1.4179863635484082e-13,1.2323053749790858e-08,2.1309812404101774e-13,1.1047888878411072,1.7319162831095074e-13,4.537879634354851e-06,8.197260320384469e-09
arrests,1.573980419266606,0.0015660328074006697,8.579281375062654e-05,0.0002508372662329172,0.004218070417893206,0.0016186782977138886,0.8689424997488533,6.476822298725499e-05,3.963405438893805e-06
crisis,9.782132828025876,5.051010392698858e-06,3.6859604728975783e-41,3.971082823831586e-11,5.874139126816664e-05,0.04318726296815073,9.486468158768761e-14,0.7237788488488758,0.6563354236583981
other/anti_socialism,1.3972863629897703,6.795156531647876e-28,11.3007035822738,1.7037289391617805e-20,7.27323157762825e-15,0.010391964168266253,1.925747059762606e-37,0.0002707537444343228,0.9317659976305809
