,const,oil_brent_inc,oil_brent_dec,oil_wti_inc,oil_wti_dec,military,assembly,guaido/legitimate,maduro/legitimate,protests,arrests,crisis,other/anti_socialism
military,1.3072874237386614,0.9360531666834204,0.0,9.435181634464753e-100,,1.0343570496577246,9.413967572174777e-59,1.0603257217487762e-11,1.3939215511574351e-09,0.13892264281512912,6.236229714395243e-07,2.2688174773205426e-16,6.112513036500808e-19
assembly,2.5423568300951156e-10,0.06824587150012967,0.0,1.9510552592452068e-07,,7.627279582460584e-18,0.1832426532000344,8.320233207774936e-09,4.48493279734016e-15,8.404990261733844e-07,6.210101573870438e-13,1.0740117311230695e-19,8.762508811897745e-11
guaido/legitimate,0.0036699368331175194,0.3024804719006237,0.0,7.111705251268071e-38,,0.0036959143976377077,2.4865237095179384e-07,0.5358374112677576,9.703236264332321e-08,0.0006839398575766092,0.053132458345873934,9.987787090150702e-07,0.04779083010635665
maduro/legitimate,0.1911152175944053,0.44307199426972355,0.0,4.4660548052963327e-100,,0.009399317026643542,2.2691519204295927e-29,0.37013493215435256,0.8130278022648992,0.0466740236465789,7.381929427040898e-05,8.875737322929366e-16,2.3023816729305176e-12
protests,0.8665488797529265,0.2779316053107286,0.0,6.134902986090855e-55,,1.2601388783971034e-07,1.3290460172514909e-34,1.1682390634042221e-15,6.8245422961411076e-12,0.9671910491359115,4.6709230582592035e-12,2.069364508118087e-09,1.0621886488031283e-15
arrests,0.008396382453849943,0.5583505786826704,0.0,1.4157407052123507e-60,,0.0038178700789660296,6.5387209319477695e-34,0.0004108185680580215,0.0005853763711773263,0.03583506651234635,0.5754921080907094,0.0177869724438701,0.00828172283905895
crisis,0.642168666707526,1.62428318940512,0.0,1.6372368005703377e-99,,0.0008744759892439254,3.393856072182771e-35,2.880897710528594e-05,2.490352949774458e-05,0.06309289399239414,0.0008608347753948166,0.9158330974804243,0.14031246831868568
other/anti_socialism,0.4355551727605147,0.8465624021967568,0.0,8.533137127174081e-100,,4.5326633672117106e-12,7.206417827366034e-36,1.5955276961862562e-08,2.3665841349593474e-07,0.06650823846517491,0.09819003329959756,0.013079427443704888,0.8166150729056397
