,const,military,assembly,guaido/legitimate,maduro/legitimate,protests,arrests,crisis,other/anti_socialism
military,433.3277517217741,0.878013674576549,2.1217983576005795e-05,0.013688721868395672,1.238828836831689e-05,0.0379862971484591,0.0071628756108602755,0.08226506710282275,1.5134340290070238e-09
assembly,20.340038121622687,2.384855581836503e-18,0.9480566959288005,9.789930491005765e-31,7.328365656333843e-23,2.4113320432509194e-12,4.505709523382712e-16,0.07292315666125716,5.149793052745778e-29
guaido/legitimate,,,,,,,,,
maduro/legitimate,,,,,,,,,
protests,,,,,,,,,
arrests,,,,,,,,,
crisis,,,,,,,,,
other/anti_socialism,,,,,,,,,
