,const,oil_brent_inc,oil_brent_dec,oil_wti_inc,oil_wti_dec,military,assembly,guaido/legitimate,maduro/legitimate,protests,arrests,crisis,other/anti_socialism
military,9.867677578482368,0.021150592216582064,,0.021150592216582064,,0.8244964906209052,1.530002717399092e-10,1.5317793675945385e-14,2.295234578914933e-09,8.224722513393725e-05,0.9207633570426598,1.0229002153679297e-05,1.1019279287574737e-05
assembly,0.0012079176506366717,0.0,,0.0,,0.0008747771765237919,0.9844904995841359,1.3040097895321537e-09,0.00011544653133448298,0.002461970477506748,0.0005435663666748279,5.540998029943687e-08,0.05483576542538343
guaido/legitimate,0.6909063919744418,0.0,,0.0,,2.0955039063707594e-09,0.03886028003882792,1.0440323696499998,3.418531078198175e-10,0.01983503310559609,1.0589312012904632e-06,8.477969003628408e-11,7.478497057286443e-12
maduro/legitimate,1.8860292245168395,0.0,,0.0,,7.111456468355367e-05,0.037908907377782644,0.002971497086079733,0.8983967445889226,0.002147264504528394,0.018439135288130355,7.106355018382568e-11,8.545798689566585e-09
protests,2.7323488401403395,0.0,,0.0,,2.1603211242147418e-05,0.041770005261864876,2.019975342070952e-09,0.0005159771554705874,0.8716073538051565,0.00010318816474901646,2.45872352994999e-07,1.5367955374593873e-05
arrests,1.8645045165323133,0.0,,0.0,,0.016325276180988897,2.0718654651281526e-08,4.113892745485038e-08,1.9518644923817953e-06,0.0002264414830117873,0.7648448378114415,8.875229999728722e-05,1.7138009702402117e-10
crisis,4.172475969803373,0.0,,0.0,,0.00048242177374127393,2.0517496155273906e-09,0.01464792898029621,0.0018139464169228763,3.3901166386321695e-07,1.3818687095743565,0.4507476190594981,1.9020062137195054e-10
other/anti_socialism,1.6914684894023686,0.0,,0.0,,0.005994224529809889,1.2282898283510125e-14,1.4173918913607639e-22,4.403255480170005e-15,1.3523384686526435e-06,0.18594833389034404,1.3490496918981813e-06,0.7971105055956573
