,const,oil_brent_inc,oil_brent_dec,oil_wti_inc,oil_wti_dec,military,assembly,guaido/legitimate,maduro/legitimate,protests,arrests,crisis,other/anti_socialism
military,16.58467886712225,,0.0,,0.0,0.9378968166836493,0.0017031492868298435,2.041279384642667e-07,0.007217085058260539,3.1062670305260994e-09,7.580939075242743e-10,9.155700316093012e-10,0.07585398980687447
assembly,12.464864980891155,,0.01937984496124031,,0.01937984496124031,0.02343856017831938,0.8899023128495831,6.355936137793341e-07,0.1174860607235522,2.336003336882825e-07,1.8998924493441733e-11,3.5877956006686977e-06,0.05569975375151636
guaido/legitimate,28.467510671595225,,0.03875968992248062,,0.03875968992248062,0.30804461849808223,0.07293321731272011,0.7124571675354082,0.1285947345056992,1.4493932038017686e-05,2.662650442845273e-11,5.6227373104298606e-15,0.02494730933913077
maduro/legitimate,1.5562742861069188,,0.0,,0.0,0.0001769023106236118,3.3905115929963065e-10,2.3499565547910318e-15,1.052843264188379,8.743140762571221e-19,1.8994866706780317e-13,1.1794705979847423e-15,1.2079883830575946e-07
protests,75.97088932859242,,0.01937984496124031,,0.01937984496124031,0.39013524553461276,0.015268459809416768,0.0003274317577993699,0.7560560486252321,0.7894384134621518,4.310410388098613e-06,0.000112470131130314,0.21350023020912773
arrests,2.2973867837427577,,0.0,,0.0,0.000990484289822397,0.0112926034374538,1.7055331143378064e-05,0.00023041037435154074,6.489301155025116e-05,0.4869177430107003,0.009847680087091857,0.039688556292320445
crisis,21.463758448322007,,0.0,,0.0,0.0022839758731879435,0.00021414041605191482,5.343055686649933e-05,9.37834144966233e-10,0.012079836110516924,9.553635390788207e-06,0.8918823663245105,0.0009101753017014292
other/anti_socialism,4.196207499428666,,0.0,,0.0,8.594034814253669e-07,4.3393858999428275e-08,4.223941510279018e-05,4.177136737737469e-09,4.225188348208404e-09,4.7725531642541756e-08,1.8922324493876297e-10,0.9599789139359033
