,const,military,assembly,guaido/legitimate,maduro/legitimate,protests,arrests,crisis,other/anti_socialism
military,0.00016611203703191012,0.9998338879629681,0.0,0.0,0.0,0.0,0.0,0.0,0.0
assembly,0.00014529252227818675,0.008620689655172414,0.99118558698179,0.0,0.0,0.0,0.0,0.0,0.0
guaido/legitimate,0.0014563990533406153,0.0,0.0,0.998520844711451,0.0,0.0,0.0,0.0,0.0
maduro/legitimate,0.0006888238333046323,0.0051661787497847425,0.0,0.0,0.9941449974169106,0.0,0.0,0.0,0.0
protests,0.0002635151321568314,0.2564481354308073,0.0,0.0,0.05916313982272618,0.6841012536932045,0.0,0.0,0.0
arrests,0.0,0.03174740484429066,0.0,0.0,0.00034602076124567473,0.0,0.9679065743944637,0.0,0.0
crisis,0.000655076845553036,0.0,0.0,0.0,0.0036281179138321997,0.0,0.00962459057697153,0.9860922146636433,0.0
other/anti_socialism,0.0021413276231263384,0.0,0.0,0.0,0.0,0.0,0.0,0.0,0.9978586723768736
