,const,military,assembly,guaido/legitimate,maduro/legitimate,protests,arrests,crisis,other/anti_socialism
military,0.0012832263978001834,0.9987167736021998,0.0,0.0,0.0,0.0,0.0,0.0,0.0
assembly,0.0,0.0625,0.7291666666666666,0.0,0.0,0.0,0.20833333333333334,0.0,0.0
guaido/legitimate,0.002437043054427295,0.0,0.0,0.9975629569455727,0.0,0.0,0.0,0.0,0.0
maduro/legitimate,0.01643192488262911,0.023474178403755867,0.0,0.0,0.960093896713615,0.0,0.0,0.0,0.0
protests,0.023972602739726026,0.005136986301369863,0.0,0.0,0.0,0.9708904109589042,0.0,0.0,0.0
arrests,0.028720626631853787,0.031331592689295036,0.04177545691906005,0.0,0.0,0.0,0.8851174934725848,0.013054830287206266,0.0
crisis,0.0021598272138228943,0.0,0.0,0.0,0.0,0.0,0.0,0.9978401727861771,0.0
other/anti_socialism,0.6452702702702703,0.0,0.0,0.0,0.0,0.3547297297297297,0.0,0.0,0.0
