,const,oil_brent_inc,oil_brent_dec,oil_wti_inc,oil_wti_dec,military,assembly,guaido/legitimate,maduro/legitimate,protests,arrests,crisis,other/anti_socialism
military,117.14521212117597,,,,,0.8961694142452515,0.13866646901866256,0.0005273620888742363,0.4599521989170919,1.3089837397674437e-11,0.02156539104178141,1.2276015343683657e-14,3.4656561962890046e-09
assembly,6.595496473440828,,,,,7.019156143230012e-27,0.9202814420440613,0.008893520359431271,5.563225781997976e-16,1.6736693216182377e-28,3.120203972114309e-34,7.970202390457113e-15,1.1418235662332494e-22
guaido/legitimate,185.11684315934136,,,,,1.488438384841538e-08,1.7148675549773993e-06,0.9516846864963723,0.013916828909397012,3.253223801491972e-19,1.795742950034108e-15,2.842459703527749e-11,1.3947823018704256e-11
maduro/legitimate,44.06149670149049,,,,,0.0003926405746272473,0.024988708451437632,6.845261213722635e-07,0.9419637549084392,2.490658252987172e-10,6.729016602460176e-11,1.8339452011490342e-16,1.0406439733784624e-11
protests,52.552939077933566,,,,,0.010114890766038581,5.405355940819333e-10,0.001044900918207226,0.8828388555767048,0.8037122801522494,2.6458625088268595e-06,8.824531750518365e-16,4.531558031422981e-05
arrests,82.09225071443838,,,,,4.294827413555272e-06,0.02733525904179324,0.05933645957855491,0.06779834483400653,6.4271527061592225e-12,0.9286578513138691,2.5349075176363766e-16,2.24829788682981e-07
crisis,45.42818860371114,,,,,8.764527704425085e-12,0.003699078800637502,0.007896326085970072,0.1292824013649319,1.1914215852033677e-05,8.211728690397472e-21,0.8918597374484235,5.133662357402093e-13
other/anti_socialism,38.73731626731307,,,,,0.0202230435064838,4.474369294375267e-13,0.010435505241562283,0.0031152011033696273,5.238370022461459e-11,7.644094364125882e-05,5.7653240665421513e-11,0.4141341578356878
