,const,oil_brent_inc,oil_brent_dec,oil_wti_inc,oil_wti_dec,military,assembly,guaido/legitimate,maduro/legitimate,protests,arrests,crisis,other/anti_socialism
military,2.965757533896715e-22,139.86036226429118,1.641362771765745e-13,0.0684271503949826,,3.853692330824256e-07,9.201641833164475e-05,1.5416507216101537e-16,0.00014212023629198948,1.0333222158010862e-11,6.993566690504105e-07,1.5414510407277397e-11,2.9780552431029947e-16
assembly,2.533535846105151e-25,0.912282400478981,0.0,6.025754087763706e-33,,1.0233255740846982e-10,0.43289940223071227,3.2107166419325753e-12,1.9161277244747064e-06,4.958777603374299e-06,0.0004422348979880322,4.690144347830001e-13,0.0017121931265074303
guaido/legitimate,4.410710653828582e-41,12.005250880883732,0.0,1.7844076226667704e-51,,9.20229828496407e-25,0.007339394160851358,5.63777802559902e-14,3.942477593121809e-14,3.413164929974249e-20,9.708945597006225e-08,7.430895139082903e-26,2.5395274754498565e-11
maduro/legitimate,2.3449973188902182e-30,6.686542713894508,0.0,8.921325872079865e-42,,2.2448545006423064e-12,0.000632122408535706,2.4127780129433946e-14,0.40832488602888456,1.204718399474413e-10,0.002229711318268554,1.2578381131556266e-14,2.9732607917735316e-09
protests,3.744043191656594e-36,10.843648391743795,0.0,3.868863596351341e-49,,3.4131058591075287e-17,3.0624203806163273e-06,1.0920006444239748e-15,1.0051023190638559e-09,0.0002202404084994619,0.004948739486557584,4.398048204271426e-16,0.0679968383445293
arrests,1.1296561293592608e-22,8.241549422961334,0.0,1.6409675831564974e-31,,2.399009731817038e-09,0.2990177094271499,1.8876280139409733e-11,1.0442313853288779e-05,1.3029372342783525e-05,0.29059467522398175,1.0838547861627747e-09,4.330262901201668e-05
crisis,3.155763709155799e-13,50.950225287716655,0.0,1.7798526516384283e-17,,5.066342094226041e-07,1.5603978714681964e-07,7.690962906488884e-10,1.1398159943703559e-05,2.3213265644217584e-07,3.0052719865238897e-05,2.79827084527869e-06,2.8563524902935045e-08
other/anti_socialism,1.1171996255700403e-16,4.108509067067073,0.0,6.99783330656158e-22,,8.156753497268461e-12,2.0305153043071752e-08,4.1176429270245354e-11,2.4150608711455447e-08,3.326812989266637e-05,0.0004996327777433162,1.0058627782009522e-10,0.38982708672423455
