,const,oil_brent_inc,oil_brent_dec,oil_wti_inc,oil_wti_dec,military,assembly,guaido/legitimate,maduro/legitimate,protests,arrests,crisis,other/anti_socialism
military,62.452576930910794,,3.122467259796153e-10,,0.04462209251783208,0.7228801674129128,0.23386126137449958,2.505202722948815e-11,0.2954105178824432,6.475643575546663e-12,4.671667266653182e-15,0.33899570187288713,2.9343105917026015e-06
assembly,14.789745564166934,,5.593720468976744e-271,,5.992281174150211e-117,1.137403557621083e-16,0.9830596507132375,4.876209632551229e-05,4.534616695589699e-11,4.830736626119565e-07,3.8471779972138525e-28,0.03730758768849263,8.95949504341356e-21
guaido/legitimate,5.495196121427578,,2.2293210706250702e-284,,2.388163433752478e-130,5.302521314103862e-09,4.3653637454523023e-07,1.027956631974375,0.00957995834094606,4.4742312475218246e-05,4.391931095960023e-24,0.05863227251523544,7.673930029031509e-07
maduro/legitimate,13.708194670426076,,4.141580936538773e-271,,4.436674591603335e-117,3.072277187350206e-17,8.066289008832275e-14,2.1367301824065498e-12,0.9341900305848052,4.907589927813139e-07,4.70928129982091e-37,0.13166325317951724,0.12243074400662499
protests,9.292251103994143,,2.7266161034616917e-279,,2.920891459722369e-125,3.069687311990047e-19,0.01856862995477591,0.00026924593891765634,1.1399522418206783e-07,0.9247733556323582,3.278874284983518e-25,0.24955780035171013,7.74964393903395e-11
arrests,0.8525731683225839,,8.817328339991635e-188,,1.9598750899702196e-90,0.008026214928887563,3.2290993358731755e-05,0.007033615781826877,6.011114611649048e-06,2.3732316801664446e-12,0.9332248712298092,9.251120716088632e-07,7.789785150846982e-16
crisis,16.674190838561856,,5.40262883253449e-254,,3.9493327039982585e-110,3.0061337637609496e-12,0.0001896555580852713,1.2244530246983128e-12,2.3963570878525413e-10,5.108284742136205e-10,1.1528221462004116e-18,0.9370788630523545,2.7250782184673733e-08
other/anti_socialism,3.1761589509997825,,8.209839335468648e-162,,3.6686699606248483e-68,1.725955680100376e-07,6.487126495698251e-10,3.2355628220482227e-18,0.00023077516397912966,5.548628539538515e-14,9.366635776483349e-13,0.020136154957204323,0.8784454878927671
