,const,oil_brent_inc,oil_brent_dec,oil_wti_inc,oil_wti_dec,military,assembly,guaido/legitimate,maduro/legitimate,protests,arrests,crisis,other/anti_socialism
military,235.24677441659014,,0.03551136363636364,,0.03551136363636364,0.8286687021851353,0.09363928726819433,0.00029882955214386467,0.4195848902337562,0.008366689079298866,0.0043825487225131726,1.380340308464768e-14,0.19583731933066822
assembly,12.24809521261875,,0.0,,0.0,1.02328262707262e-12,0.9977924238631961,5.139311065685327e-05,0.0017112284153451627,4.106396596700746e-16,3.624962737458013e-13,1.1276393460559952e-10,3.3175449395847272e-06
guaido/legitimate,211.3326894734632,,0.03551136363636364,,0.03551136363636364,2.5867264829672305e-07,0.39575134356109437,0.8290558977824879,0.32829047423539315,6.370007146595603e-08,1.218349121530717e-10,3.83446582994913e-12,0.0005435251476690924
maduro/legitimate,87.84746778646415,,0.0,,0.0,6.070582535456556e-06,0.0007034901523872741,6.500473146824415e-06,0.9255981679335965,8.462000266934583e-09,1.9936095133087127e-09,3.7937528508758264e-19,5.176054131576952e-06
protests,256.4738147298362,,0.04734848484848484,,0.04734848484848485,6.679798770674343e-10,0.10218729113908304,1.653388324975182e-05,0.21948858032718874,0.8336975180694426,1.8124590068833463e-10,2.0310043557614156e-16,0.00034836619183114474
arrests,36.489076256739004,,0.01183712121212121,,0.011837121212121212,3.634959829415311e-05,0.02074350479027441,0.04934654281713311,0.21366904478472187,8.476925555620013e-06,0.8130009975093213,5.437512670147296e-14,0.0007904938220065685
crisis,34.677809459966625,,0.01183712121212121,,0.011837121212121212,8.298904081959194e-05,4.5376401359782915e-20,7.10561297836535e-07,0.008407804218339601,0.06360412868254192,0.0007991777641775221,0.8673857168448162,0.039727018333387806
other/anti_socialism,34.388263122712615,,0.0,,0.0,0.00013613928968638287,5.3799801912527745e-14,8.836950240787003e-06,0.028511274981254376,3.6017905577299195e-05,7.681207310928662e-07,2.9533219931339954e-10,0.7938737825967276
