,const,oil_brent_inc,oil_brent_dec,oil_wti_inc,oil_wti_dec,military,assembly,guaido/legitimate,maduro/legitimate,protests,arrests,crisis,other/anti_socialism
military,2.770819479930376e-53,0.0008581800917382386,,6392.902794357778,,1.1755873989301617e-26,2.1861401526703167e-32,7.374132835062196e-34,1.8314305574280554e-32,2.532292805684793e-31,5.73115190288261e-39,1.3286636657497547e-36,9.070268645717723e-36
assembly,4.2110413304930793e-103,0.0015364914667865587,,124.18306066807074,,3.85452214462234e-63,1.3102481001987861e-05,1.4775797740938489e-50,7.59093589993864e-76,8.242498122774637e-96,3.347152620903036e-68,4.16529340746818e-30,1.3856613547018737e-59
guaido/legitimate,9.593754672101492e-57,0.0009843524600582241,,2506.70475250446,,2.7043265960327054e-35,9.861163698189638e-25,2.508425364613848e-31,8.063728571239727e-41,4.3900557550714296e-36,1.340266828975957e-44,2.819623909360314e-28,6.064030009804139e-38
maduro/legitimate,3.627329734853188e-43,0.0007785349981628327,,813.6059983806398,,2.520767068901237e-25,3.464062114817397e-28,2.400060711416222e-31,2.0385620936500343e-23,6.963929998294921e-26,1.2658793714494871e-34,6.543675313770336e-30,3.9756102168350656e-32
protests,7.455755578552452e-56,1.331071721817679e-05,,4016.2749054795418,,3.723127836211428e-28,1.7763424661542562e-33,7.404611109859274e-31,1.0485794745225503e-27,0.12488668124239327,2.293423767792821e-43,1.7085472133363743e-29,6.735468101647912e-33
arrests,3.798592287771001e-69,0.0011432329776548183,,5011.359542781865,,2.5409328423219775e-53,1.09410705086618e-37,3.424050889429182e-53,6.234286335780671e-54,5.8619303008788865e-62,7.197864241417494e-44,2.8695496816814846e-45,3.908323112473568e-55
crisis,9.786341906630123e-67,0.001218477788285286,,762.954520208236,,1.6517306488235168e-50,1.0555621260916633e-21,2.699921466192312e-43,1.5313937807177594e-49,1.20481375194593e-46,7.571405783491428e-53,2.5113066983026155e-24,2.210199801745825e-50
other/anti_socialism,4.641814731014524e-55,0.0010882370715959192,,326.62652443144725,,1.1587696522425727e-33,1.316185067900517e-28,6.248590665006683e-36,2.110453149797623e-39,1.1468102809082872e-37,2.2728397560498854e-41,7.993870210600556e-35,3.367832355285637e-35
