,const,oil_brent_inc,oil_brent_dec,oil_wti_inc,oil_wti_dec,military,assembly,guaido/legitimate,maduro/legitimate,protests,arrests,crisis,other/anti_socialism
military,1.4471625829982275e-09,,6.243369663986403e-08,263.37054947790176,,1.2618404912276626e-07,1.909328048436916e-10,1.637045081361908e-08,6.704037451843839e-07,1.4304159628649028e-08,5.4322294614181885e-08,5.837842212931519e-09,6.442069011074959e-09
assembly,1.4395513056290346e-08,,8.432463463636484e-10,0.6218441368388421,,8.893177875471876e-08,4.6610414995555845e-08,5.520779677959414e-07,4.291572500935176e-08,1.193997723596298e-07,9.227320829645071e-09,3.697230408865254e-09,7.534324304862114e-09
guaido/legitimate,1.5312533646951629e-10,,7.835088624456225e-10,19.09194162272159,,1.184641287465528e-08,2.941311238190892e-09,1.207054162650734e-07,9.999109467873047e-07,2.3933690913395585e-11,2.7236787971417065e-08,1.9644322532155272e-09,3.469053408563058e-08
maduro/legitimate,2.930119246279666e-24,,1.0257745864701078e-15,90.04931921825347,,1.8915159139741627e-17,1.4988790230467153e-22,2.137933760376641e-17,4.861520536727505e-06,2.632702271483272e-26,7.747571733674964e-15,7.139353401484574e-21,1.4033405759426177e-22
protests,1.8062504690018132e-19,,9.458059146407189e-24,64.80072133829304,,1.366729425870904e-18,4.7813893688733154e-20,1.6056360188928892e-23,7.213728299063677e-22,4.294099426460398e-06,4.846265219993007e-22,1.1036976360671554e-20,1.4222293870286657e-20
arrests,6.403542969533238e-10,,7.060178275004898e-05,46.01977072412421,,1.8135388281614216e-09,7.449203924871473e-12,2.721806888830475e-10,1.9591496594363824e-07,1.1014627261290688e-12,3.3132249817526937e-07,9.51843353170319e-11,7.279539366456085e-12
crisis,6.399140856188036e-11,,3.0135827432776435e-12,194.0297780435202,,7.2493173216184856e-09,1.2028328761092078e-11,4.9846328561349745e-09,5.39658948180282e-09,2.66397445448033e-10,1.8331992191721648e-09,3.679126332030595e-07,3.983497129007568e-08
other/anti_socialism,9.228248993715686e-11,,1.8779440088474152e-13,71.08202754960314,,2.966798968319964e-08,9.832630682597818e-10,3.305858200214951e-08,6.760796277506408e-08,1.0753469596704926e-08,2.566627319607189e-09,2.0958638971683275e-08,6.228311981851462e-07
