,const,oil_brent_inc,oil_brent_dec,oil_wti_inc,oil_wti_dec,military,assembly,guaido/legitimate,maduro/legitimate,protests,arrests,crisis,other/anti_socialism
military,3.534166801452693,,,,,0.8490497021980764,3.5507420121912725,0.003460426760694556,9.624304982555766e-08,0.06827210768327234,0.12904878764502517,0.15191059064940007,0.00359802850646667
assembly,9.779016823462185e-06,,,,,0.001804465437768939,0.45961188402931735,7.80157211570422e-11,0.00039708485954250447,0.011359183827586267,5.0871607447233364e-05,3.679745433039368e-05,1.5977340488941574e-06
guaido/legitimate,0.8813251149431632,,,,,6.126757810598475e-10,0.28978927287205275,0.9847487496285312,3.8552021057697e-11,1.515614198289593e-05,3.1466985261120926e-05,4.0421718597452415e-05,3.080633627113818e-12
maduro/legitimate,1.3224993872888513,,,,,0.011793294347969316,0.3666055824453917,3.2108061620448423e-06,0.562005745469312,0.049943202236236314,0.11779593130891143,0.00022568086538761207,0.05551999802427299
protests,2.476723324997968,,,,,1.3504778183188955e-09,0.09824346828541945,5.850290332874206e-08,0.07493108289627187,0.8267407881195907,0.027450669389638537,7.000605684451863e-06,0.0031990760791725465
arrests,0.3591093949824735,,,,,1.0217542750518293e-12,0.49687317119404373,0.013332809914195812,5.1628278287270154e-12,0.0040897682926308255,0.7136248065395566,0.00014909799618971606,0.1370417239099946
crisis,6.500021168000764,,,,,2.430485635579123e-07,6.439855720744136,0.7183510185018765,7.297544109530704e-08,0.05358268119749027,0.0007011411807551695,0.36382581047449797,0.4202822812318726
other/anti_socialism,1.4067163055909226,,,,,8.481395126855494e-25,4.46880267687192e-15,5.875737417569728e-33,4.885467943536939e-11,0.009052658135014107,0.12995199637047294,3.3460324861159923e-18,0.8427634563882731
