,const,military,assembly,guaido/legitimate,maduro/legitimate,protests,arrests,crisis,other/anti_socialism
military,10.905397882320102,0.8261648289314472,1.558062628398634,1.1612723592424052e-09,0.0020300587825831675,3.7896445223566983e-06,2.522745109676459e-06,0.30388389678217637,2.1187586074392285e-18
assembly,0.10489254262103843,7.765518701327563e-05,0.5407424622701379,2.2536813421622697e-05,0.0022819310811411967,0.016510016700495483,0.03940060882494996,7.007931923736144e-06,0.002944464108105058
guaido/legitimate,1.7759434066014286,9.052629806410103e-07,0.42248823435055544,0.7776680373585105,2.2978400299954475e-08,5.798254433884538e-09,0.02053155572025409,0.0057368909381294905,0.09387870811642794
maduro/legitimate,0.3520764456667396,5.6074608375325525e-05,1.7921618925886243e-05,0.00041846206692674304,0.6979504275858908,0.00366663999400038,0.2585733914183413,0.008655531443887683,0.00035137123292849627
protests,0.785232208623996,6.091549015789495e-05,0.00011595703171846546,0.07299870955721516,1.8032989853531928e-05,0.6548903324649796,0.04050727180683597,0.0441083354652253,0.008947005296626424
arrests,0.55617142143022,0.00042510054716068225,0.4730321607904123,4.266711742420228e-06,4.963217191835563e-07,0.1380285059549369,0.6708478736245034,0.03220374868450276,1.7443579003029904e-05
crisis,5.941731430833012,0.000922010754383457,5.242961460030992e-09,2.154234054577924e-06,1.3188113337898443e-05,1.9658786088082557e-05,0.00031353919595948084,0.9224365420696571,2.624733660739239e-10
other/anti_socialism,0.6589632720355607,3.5412762415232555e-07,1.6851052681087014e-09,4.567822371617156e-05,1.625020287438831e-06,0.1279688783806683,0.04635758428615662,0.00043293195350996153,0.6632177280530502
