,const,oil_brent_inc,oil_brent_dec,oil_wti_inc,oil_wti_dec,military,assembly,guaido/legitimate,maduro/legitimate,protests,arrests,crisis,other/anti_socialism
military,7.065651952200414e-52,42.03182949275484,0.0,7.840372792890773e-162,,0.78461632599559,5.635710712478033e-42,3.4474699826458654e-30,0.0024686830011210396,0.016297297475827963,5.635816726215567e-33,6.346419912576943e-39,2.64896692089622e-45
assembly,1.2239281145744476e-36,15.860581508861335,0.0,1.5367931561727802e-107,,1.0337991819205664e-15,0.47165409904641104,3.326957966929197e-17,0.0007956237177763634,1.539290987124615e-09,7.601698897194855e-10,4.5407674504195714e-08,2.3763540077842173e-23
guaido/legitimate,9.489498606598718e-25,13.298979009961425,0.0,7.586535414913777e-93,,0.003945105860001854,3.200911675063478e-10,0.2581956656085386,0.00347219878597911,0.022745239662288745,4.0050320952632135e-07,8.328117631238447e-15,1.1595745555199473e-21
maduro/legitimate,3.2450848146810318e-31,16.360489175102906,0.0,4.3694744613610964e-101,,1.5435782858121648e-05,8.259945461582589e-15,1.8898584272179031e-16,0.811473159179209,0.057151443777767784,8.905144482667613e-13,1.7217877063087954e-14,2.0626005591245884e-21
protests,8.252178733378472e-09,15.439644518090855,0.0,1.652974810389328e-22,,2.8663063775350655e-05,1.5212442207728301e-10,1.611091915834435e-08,2.7348563231977354e-05,0.7456664920322552,1.8182650599002184e-08,1.7766873093196834e-08,6.850132263652477e-08
arrests,4.626914736548017e-26,14.119997066628901,0.0,7.008784813467157e-114,,1.3690049521966525e-10,6.057931259352595e-05,0.01328484792883581,0.007700287409714691,0.015961989199950195,0.3258214770718197,2.2067626722422997e-11,2.8778341087675465e-16
crisis,3.218973405036983e-58,48.40662239012475,0.21929824561403508,1.6136773917643155e-40,,6.294486164855706e-17,0.1821388441153585,3.978159459840017e-27,0.1520862163331321,1.9001803815244237e-11,2.6011131712030953e-19,0.005572441855016656,2.7757002204803556e-32
other/anti_socialism,5.494295928942902e-10,12.484754128352222,0.0,3.3977409844607222e-31,,5.4617668067739836e-11,1.819754570818676e-05,2.108793543064399e-06,4.6118375537681714e-06,0.012613967795597461,6.126044848651016e-05,1.9126626300798e-06,0.0005768496925397627
