,const,oil_brent_inc,oil_brent_dec,oil_wti_inc,oil_wti_dec,military,assembly,guaido/legitimate,maduro/legitimate,protests,arrests,crisis,other/anti_socialism
military,3.4470644949857433e-14,0.033602150537634407,1.0828580838521652e-08,0.033602150537634407,2241.1137604975734,4.981821876388628e-08,1.5855753055330608e-08,7.738240484928103e-09,1.5931473234824112e-09,5.997970627454198e-08,2.5740878252160287e-11,4.263146726219615e-09,8.776373760360531e-11
assembly,4.648941197440236e-35,0.0,1.152921163443983e-42,0.0,271.6640166850367,4.33233162898916e-24,0.4456497936118624,2.0017998440980445e-18,6.481336637368164e-23,2.8534732519388173e-25,1.199395858318765e-21,4.649581384977324e-20,8.699278817176178e-18
guaido/legitimate,1.9062109341942523e-26,0.0,1.6978214881301648e-26,0.0,186.30892638767335,3.4233389613808137e-17,3.63853610262495e-17,0.4616238701264565,7.122518799788178e-09,5.64604690206479e-20,6.671369786229651e-22,4.576431985888003e-20,3.3182427900187833e-09
maduro/legitimate,4.193023221087456e-31,0.0,6.673274686274963e-26,0.0,899.3616819075445,3.9378834197501053e-22,1.2196231467721057e-26,9.539725041432482e-07,3.438511266460689e-07,7.341834052018221e-18,7.542651622572926e-26,2.672301400518928e-22,1.0600573697087672e-10
protests,3.564405292210732e-100,0.0,4.209119489643488e-54,0.0,1110.796686692622,1.3287984990366257e-53,4.6849851434225695e-99,9.480989566167688e-81,3.5333057326669183e-54,2.3998310155036617e-06,4.67260944439205e-69,6.2275504274023e-35,8.229612217308921e-74
arrests,3.1811845271011044e-13,0.0,4.9958844673692016e-08,0.0,77.7633581688953,1.5725061909986048e-10,5.233264517188604e-07,5.4543453867118056e-14,2.3292909484332616e-12,2.447368449111226e-10,8.513666966883924e-09,1.6765280603970043e-09,9.077953368202741e-12
crisis,1.5469574358983906e-16,0.0,5.43995998828771e-10,0.0,414.03033393214923,3.635911188729313e-11,1.3847480681646721e-11,1.1691310756589721e-15,3.0071888402909155e-13,2.46258807291864e-07,4.241001953222577e-12,1.9744762233009757e-08,9.236984625894976e-13
other/anti_socialism,2.475009020309675e-20,0.0,2.44687682627631e-19,0.0,93.79211003486897,1.82601719674444e-15,2.0795812341491496e-13,2.3977277822869482e-08,5.857941138196901e-09,4.6326440268523885e-15,9.612292475739666e-17,2.1401896194876432e-14,4.384716177790843e-06
