,const,military,assembly,guaido/legitimate,maduro/legitimate,protests,arrests,crisis,other/anti_socialism
military,27.019504944695466,0.9602686218247733,2.6866438573085737e-06,1.147909825331789e-21,0.013097694936327361,3.735794763222444e-12,3.660101522712021e-25,1.1302685367374998e-11,0.18032084872821827
assembly,6.129227126267864,3.9681420605749016e-05,0.9553570023003534,5.93318568346815e-09,0.1725083241595658,1.8838771516468357e-18,3.3351216338904155e-06,8.910193413744057e-13,1.85295544073488e-21
guaido/legitimate,28.70964366334724,0.1641215893980038,0.00346299455875214,0.646779674739447,2.0409855119237475e-17,4.9845734039605213e-17,1.932181258831433e-05,0.02743970358465093,3.620763630623783e-21
maduro/legitimate,2.9926001315773036,1.5236481039433555e-09,5.295302800142876e-09,3.0805742175959576e-09,1.0288130284514019,4.530738186243915e-09,8.679350598547602e-14,3.609704976655757e-11,0.00012602488341208277
protests,50.03020715004538,5.017968037010071e-07,5.3729322638040685e-20,0.0075265614451400465,3.4318860198300005e-13,0.9422445638138125,0.00102783310668659,2.760259642019189e-30,8.534271025473018e-12
arrests,5.808944920411823e-07,0.051131641450046506,4.420581458194533e-11,5.326906101761915e-07,1.6705869965972325e-12,2.0976442964151095e-08,0.9410836899525724,2.579145359249246e-10,0.0014355011279257868
crisis,5.741665954251855,1.49912561686376e-15,0.09729490562432482,2.1872608333432838e-10,2.526544992084112e-06,9.707668421924444e-09,2.9449249231455886e-31,0.8737575806183144,2.00335103291694e-09
other/anti_socialism,3.21303329621522,5.552721269433151e-05,5.664169028276948e-07,1.2659692956404873e-07,0.0053603647161425206,0.0008678087146264064,3.350206854404312e-14,2.7162300425888717e-12,0.9064132216540508
