,const,military,assembly,guaido/legitimate,maduro/legitimate,protests,arrests,crisis,other/anti_socialism
military,3.291777624179185,1.0298977274949397,1.5863406261257745e-26,8.30611071764134e-06,4.5939210530841345e-05,0.15197453035541655,0.0005154945858235224,3.0534643811830982e-09,8.728246601739388e-10
assembly,0.0005727970920837209,5.20732562865152e-15,0.4353758543458591,0.006110982909240298,2.589391649020633e-10,0.001692867852899823,1.0872256444829435e-07,1.2147874698435124e-16,8.135371372476854e-06
guaido/legitimate,0.44530383684774527,0.0016768634180578106,1.8259914586476308e-05,0.6083031879237597,1.557029719294267e-08,0.0060029123875317445,0.06834869208614672,9.869725913906601e-11,0.03612409704670611
maduro/legitimate,0.8555794133336151,0.006055751051523878,8.327689705961922e-11,0.4047768414605098,0.8219845306410383,0.05276432552995704,0.0015198740546100355,1.257161030413141e-09,1.5593182080074546e-06
protests,1.3885857855647483,1.926119643297687e-05,6.890221047067159e-13,1.0589758015136888e-07,6.569986533831153e-07,0.9655919096675568,2.1112328478212866e-06,2.5756245845718364e-06,3.218236521953783e-08
arrests,1.305176276209853,0.0008319495039062467,8.657121543670036e-47,0.005263370180670927,0.0009825410025864098,0.03988818738899738,0.7124962305684117,0.0007149969626229098,0.016342497291240876
crisis,5.206872387412143,4.969277594082546e-05,1.3916872487771038e-23,0.0007762644721505948,6.850428861875683e-05,0.07418707415379033,0.007281611779369653,0.8643447333343147,0.23645731474837894
other/anti_socialism,2.3618527909846856,7.847843687606883e-15,2.2687654364978857e-21,1.3939690633241676e-06,3.491874726177817e-08,0.07335360300585661,0.08162015775276378,0.0004229628228650009,0.8409830965415455
