,const,oil_brent_inc,oil_brent_dec,oil_wti_inc,oil_wti_dec,military,assembly,guaido/legitimate,maduro/legitimate,protests,arrests,crisis,other/anti_socialism
military,2.7887914745208047,25.335491134519938,0.0,0.0,,0.6199530244375839,2.2788502183325e-07,0.5791563983594951,2.0772347081975815e-10,6.306986119001008e-08,0.02907982632629722,7.118733989190678e-06,1.0952050046712296
assembly,1.152741719895575e-06,1.2004523815281904,0.0,6.791968548754939e-171,,4.4237198879870106e-06,0.8604326850771932,0.1372353079376342,0.10734908068782936,1.2043429343972607e-07,1.1722597051250388e-09,2.2088122959749406e-07,5.5984928711038034e-08
guaido/legitimate,1.3442621116860021e-05,20.097932515151076,0.0,0.0,,1.0436799788044055e-07,4.567938822903438e-19,1.0204592043781269,5.01681695983446e-15,1.294652805647682e-07,8.708091520373722e-05,0.025112353003202532,0.0018632369513078512
maduro/legitimate,5.937300813587204e-09,2.8197320950017133,0.0,0.0,,0.0011883564069051773,4.472000768835034e-06,0.042343906101591514,0.9712034874684252,6.91943875827004e-14,3.365526551243065e-10,0.006632319115183828,0.004530587851229013
protests,24.798197961923666,66.33257899101606,0.0,0.0,,0.0008084883445853741,4.813124081495523e-12,0.002604045945541342,4.486293914406641e-07,0.26887405207816467,3.727839962588885,0.2559108381828638,0.006005105445726902
arrests,2.597419090720645,14.748880386097357,0.07829582961207396,0.019954617411035484,,1.3491314047856848e-09,9.376157502444475e-26,4.4225428254141954e-07,7.616347174667148e-24,9.76307155293272e-09,0.9249248390394339,1.784231744502764e-13,3.6203382231916858e-09
crisis,9.985643520914963e-05,8.639258898242007,0.0,0.0,,3.2040034507239317e-06,0.00648623996981335,1.5336401336830538e-12,0.011243891500838559,3.117662057517622e-13,3.226965487760349e-07,0.9614464307162575,0.12096391054953559
other/anti_socialism,1.2363037494860072,3.3625555935688163,0.0,0.0,,5.3455109624253455e-09,2.729215382899976e-10,3.7450554144454383e-10,8.904323153734273e-09,9.701816092698728e-06,0.017262253794434003,2.2974042049150266e-06,0.9369796407354287
