,const,military,assembly,guaido/legitimate,maduro/legitimate,protests,arrests,crisis,other/anti_socialism
military,665.6658941899843,0.3100228078987393,0.544384944428214,0.060381318966569925,0.5304262234357329,0.04048091569182341,6.388206016726106e-07,0.00021249035695525303,3.004814707976475
assembly,13.467770605424514,1.4964472266819432e-13,1.0166454638720261,5.862202030289966e-07,8.289531308266377e-10,1.61627746309804e-13,1.9269441722389667e-09,1.028586861969499e-07,1.7508526154708915e-10
guaido/legitimate,427.6637142189959,1.2661571421605586e-19,0.6165791402600611,0.8881231372637253,1.4184172821777258e-05,2.0177974060395143e-10,2.4758391968523626e-13,4.283304412242521e-14,0.0007391926339524745
maduro/legitimate,167.28486874594373,3.035807150053967e-14,1.1895788115565087e-08,0.01913588430800167,0.8819346858378598,3.8182491774191016e-09,5.94007592761716e-13,5.915181414905784e-20,0.012570538839382741
protests,,,,,,,,,
arrests,,,,,,,,,
crisis,,,,,,,,,
other/anti_socialism,,,,,,,,,
