,const,military,assembly,guaido/legitimate,maduro/legitimate,protests,arrests,crisis,other/anti_socialism
military,20.69242986581497,0.42159771093051196,0.006352681767469313,9.440791053183558e-11,1.547791490928926,2.6428649817639808e-16,3.245806448857976,0.0010063382837886103,0.06500490547447225
assembly,8.127156817490635,5.135778420003747e-08,0.8384866391290892,1.0032051484062967e-07,0.22163052424018848,1.680542931207212e-07,9.5868813841815e-06,0.12839464781832075,8.468020424416326e-07
guaido/legitimate,29.528353308719442,2.1348189737928715e-12,0.15276699321531118,0.47319294693733127,0.8843872825723582,0.04431621037163626,0.02107721319704339,0.5258529161879072,0.001490545983166875
maduro/legitimate,3.341477951272232,2.877521112675044e-07,9.227280165933432e-09,1.0807906534989646e-11,0.9597688534957263,1.8379386055620516e-11,0.0003785531300852891,2.862311641855569e-09,1.550141275000897e-05
protests,12.29218996452805,3.6433235176646603e-13,9.089859571876492e-12,2.300304341488476e-11,1.2755739421644103,0.8384795300143028,5.466736694572337e-07,0.44053352121208905,7.802693924688603e-10
arrests,2.770284715136018,2.4836891899444557e-07,5.603269776735684e-07,2.4022960541016642e-09,0.17425800820016274,6.8999739184034945e-09,0.5004629291101578,3.460611169559789e-05,2.026448973272764e-06
crisis,5.740992715838549,1.6227667175770697e-17,1.7643311034289622e-15,9.78656986137991e-14,0.02388574487835181,1.3329102556393578e-06,1.7117380598932993e-09,1.0297119329152027,1.0925884119040386e-20
other/anti_socialism,1.5000733753800535,3.926085037264451e-09,5.4186122545713356e-08,1.3177578765886073e-08,0.08571016400423742,5.710163467373001e-16,0.36857214870295507,0.0005832722274328922,0.8569486424712563
