,const,military,assembly,guaido/legitimate,maduro/legitimate,protests,arrests,crisis,other/anti_socialism
military,42.71431514415607,0.8027913873382267,0.16453274452749486,4.775328878273287e-10,0.13592617476106544,1.591214657836716e-08,0.11032850712985283,0.024252842629792853,4.572302861954674e-24
assembly,13.083611183417519,2.509789484138738e-19,0.9048884494213313,5.932507166797862e-09,0.01759883178069434,2.682207277577009e-13,3.5196777130901746e-13,0.24284051914254304,6.939320301543088e-42
guaido/legitimate,42.19356433185984,1.5805822193589874e-13,7.522140760819708e-06,0.7889455216854109,0.49354801491149625,4.938236023736581e-07,0.000650350279991926,0.0030382811751963083,3.8839827225141268e-28
maduro/legitimate,7.157171289475765,8.943112474825144e-06,2.1700072163432764e-07,3.119402433696274e-09,0.9466762691437624,6.271612895472705e-09,1.3519047537214171e-05,6.884538182601935e-05,1.853585961968825e-17
protests,24.074743286799677,6.612573845448404e-11,5.3334917424340186e-14,2.579489946950932e-14,0.13092099924330525,0.9739708930626382,1.6744726967252812e-07,0.016691841728964978,3.1799869430488756e-29
arrests,4.418950701067831,1.6045495854137573e-08,4.153560321468705e-07,2.7905726789581865e-07,0.13289558654050468,0.004640441492858796,0.38555162462335907,0.02301984778763829,5.181208135835784e-24
crisis,11.566071279355514,3.7464921121924584e-06,4.9558587416320774e-05,2.94525199614037e-06,0.11115336396286656,0.0009597041853065688,3.383175556627439e-05,0.8125742117243795,1.207285016744079e-20
other/anti_socialism,1.9037175821607095,0.016392841277219898,2.3507774257568616e-09,2.2351661771864606e-05,0.003461848314927099,1.7995264263220993e-05,0.6111827715558493,0.0005172524163934966,0.5909891328559361
