,const,oil_brent_inc,oil_brent_dec,oil_wti_inc,oil_wti_dec,military,assembly,guaido/legitimate,maduro/legitimate,protests,arrests,crisis,other/anti_socialism
military,1.007534701379287e-45,3.989406765117073e-171,1035.054514575982,1035.0545145759784,5254.766167568167,9.780400513530257e-08,2.36053911047518,6.084157325076448e-40,3.15618094441372e-33,0.01853266712223182,3.6707202604833665e-35,1.683557405507418e-35,1.3280152382234094e-30
assembly,9.270292401565963e-36,1.6363228692219855e-131,26.969612233389974,26.969612233389995,120.7891469934131,3.196341518982286e-16,0.8823349979697892,1.5906819787597882e-39,2.1819010493761452e-33,6.649478981978431e-06,8.937496567595497e-24,2.5613685492924492e-45,4.2796870726948775e-17
guaido/legitimate,3.0045120388648153e-38,2.6019995695708966e-144,140.71165410255958,140.7116541025594,4715.4098524659685,5.423650122633145e-10,0.192696212683611,2.8429432585091525e-11,3.374551112303235e-23,0.1969812955276109,3.932778926459585e-27,2.2270664439920166e-38,5.074844348598917e-19
maduro/legitimate,1.4166393462731294e-20,1.2324903273605788e-78,68.59126926195066,68.59126926195059,1428.0733366107468,3.8318050160442867e-07,0.3360700617221151,4.6251833873031095e-15,2.5864352876786227e-11,0.019386144949998463,3.4198563673702764e-16,5.863985631531277e-19,5.638117244262415e-17
protests,2.853085713856569e-25,1.734057155346273e-94,53.36758211023318,53.367582110233144,1355.4672912841625,4.096514279612808e-09,0.33999354530147424,1.9301816967231597e-26,1.9454770325135266e-22,0.8530602450020279,1.547687949772275e-20,1.5851591225073576e-22,5.046848062844087e-21
arrests,7.554780706679267e-49,1.8320739889055927e-182,1216.6385397940437,1216.6385397940328,5221.837702163493,1.583788468251316e-24,0.18301642355366632,2.6445150207993897e-56,2.2191623847847812e-41,1.5472152110923656e-18,3.600849227576835e-21,8.031622174258263e-67,3.4947528817157457e-16
crisis,1.4708189114774737e-53,2.7212063553301095e-197,24.37440966325766,24.37440966325763,948.0561716341495,2.737666955826995e-13,0.1824361213254318,2.4385095758847604e-60,2.0806364641772802e-47,0.0032353039202902695,5.261049410635862e-48,0.5052145417142091,1.8886251789672062e-49
other/anti_socialism,3.788376099075841e-37,3.396089068822868e-135,107.90249403319359,107.90249403319362,287.1707365045268,4.583911036593274e-17,1.5171976609787912e-10,7.576467006260158e-39,1.4600782219444169e-33,1.8277214318498025e-11,7.188992793426804e-22,3.951359209078688e-49,0.2265499482922718
