,const,military,assembly,guaido/legitimate,maduro/legitimate,protests,arrests,crisis,other/anti_socialism
military,8.270807335115357,0.7003522474607482,2.8025078419897815e-06,3.870898001437906e-23,4.20425758877714e-09,0.12315041111127724,0.252953292169735,0.35052303475952495,0.08074618508298137
assembly,1.9043655646730453,3.794326299697053e-06,0.9153942310257732,1.9898215917366193e-20,7.787128493316133e-12,4.0950548537760766e-05,8.540563752885615e-14,5.338394834270232e-05,0.11291471223082988
guaido/legitimate,8.161099594093193e-06,1.8690633598787012e-05,0.23832993618368437,0.9440030980083866,3.6216549003545132e-06,4.34444747018069e-06,0.004133818362893589,0.00021745841005305126,4.340781737755858e-08
maduro/legitimate,1.318803391236781,0.0003166397120025843,0.010499794702477363,1.036027942275633e-07,0.7730366612633578,0.0002885014383612173,7.980126832890056e-08,0.19692903174661827,0.03891640851936599
protests,1.0862500522201204,0.00030132428012552163,0.0003109721324003729,1.8397477078642055e-18,7.276447871256392e-07,0.9121318884592645,1.7252088735926392e-07,0.04753589026797124,0.17973219404914656
arrests,1.1634826995773846,4.592682992044046e-06,5.506563200376491e-11,4.860359071565148e-09,0.00010832613204837631,1.3417502613991109e-11,0.9209943547194986,0.042379470959723595,5.120368310110438e-13
crisis,3.4618946851638506,4.880062431616175e-05,0.03497782766169701,4.6107074883751467e-10,1.530509684089306e-05,2.18872002614264e-05,1.3723587447665116e-12,0.9019025992942997,0.0013175098536456172
other/anti_socialism,2.1115331356739815,0.00015123802399161465,0.0015183269247045566,2.859692957087339e-20,6.908112836416418e-15,0.010633138881402947,3.69564749032168e-08,0.0011563262939075778,0.8659599639581486
