,const,military,assembly,guaido/legitimate,maduro/legitimate,protests,arrests,crisis,other/anti_socialism
military,1.9465054823993504e-96,0.6689332016634248,2.3611785853378833,0.058097207044176216,0.660847155671024,2.7479595253268476e-07,8.738672245917474e-27,1.0650806502443439e-10,7.477275254385303e-12
assembly,0.05846850798341813,7.303905090215161e-10,0.9930455778952627,4.614856496032717e-05,1.3769860615656063e-05,0.0005052568956349471,1.323905949547377e-13,2.2416102516500477e-33,2.582990003259261e-07
guaido/legitimate,1.0192660224829184e-22,1.058285453573765e-05,0.0056358978050178934,0.9923436094618318,0.0014692782634726578,0.010764447104349293,3.760223191315678e-05,7.643473862019514e-12,0.00010974236846976916
maduro/legitimate,2.1323642518461377e-102,9.706285956569274e-10,0.48382409216713307,0.03141494004388824,0.7449431027145306,0.02424077298577428,1.7359995619558494e-23,2.1642644426487735e-20,1.3471360024621785e-09
protests,2.899393779503933e-46,9.997477354666558e-08,0.6951487198164622,1.407256140323397e-05,0.0010846903200483352,0.9310104146706581,6.969989543976508e-12,1.2704649604412028e-12,5.081951030369692e-06
arrests,0.061886223375178906,5.520144615359131e-17,4.073161453796773,9.775185767640353e-09,4.682167015318899e-07,0.14958844606645372,0.6450433055232695,7.55380071121675e-48,8.975423355790211e-06
crisis,2.5020735940271362e-14,0.04261245224825206,0.003053788809785846,0.00011681707290590452,0.0016063348096330245,0.00013816268779495358,1.5499626734174732e-05,0.8673557170713228,2.9417649188169167e-05
other/anti_socialism,1.5319454398185302e-36,1.96364567731587e-07,0.10413009212343155,0.010197694115694655,0.007619560544877875,0.06784503375602682,0.0011088158648935114,2.9933319711413456e-17,0.008482952255980766
