,const,military,assembly,guaido/legitimate,maduro/legitimate,protests,arrests,crisis,other/anti_socialism
military,61.335190520635,0.5203987788943583,1.0240992123679017e-07,5.107835580593906e-09,1.3482175001430812,7.463613267147903e-10,4.3046983592758456e-07,9.63325271206218e-08,2.116206629537681e-08
assembly,1.2983770083213917,7.109947244560405e-07,0.8202102126243794,1.145138565894544e-09,0.08307312436986991,0.08993124830294037,1.2484514445319391e-17,1.7030213211464797e-06,5.306767715839144e-15
guaido/legitimate,13.582098102590768,4.700837948265575e-09,0.10674275861921333,0.8154724242408079,0.3144319243171371,0.015111259118063311,2.681700575794265e-32,0.17053183214825463,2.9334039226775896e-17
maduro/legitimate,13.148974159967592,1.9692947453050155e-05,1.0154729064610629e-10,7.638476970246254e-10,0.9629809146622775,9.555258092493479e-11,6.564959016110235e-12,3.933021709567643e-06,1.285125075056236e-09
protests,6.09344622456896,5.705409940601627e-09,0.00037214056837937815,2.0243385507096535e-08,0.13662018448407662,0.9582457042429915,1.7007250778222393e-33,0.00013468637220577807,2.029492009303795e-13
arrests,2.1971692834986978e-07,0.002207972397603737,3.851488019232366e-12,1.2651057678784994e-10,0.11146914057619227,2.2331132147464101e-13,0.7776429606666158,2.150121547279391e-10,1.085352885207763e-12
crisis,9.829835656888607,5.92628019454843e-06,0.0007290538327197103,6.835791134547578e-06,0.07626236353122594,0.0009624420467877687,1.0973421917373925e-14,0.7577388493406034,1.8444862395165088e-05
other/anti_socialism,4.355713420300667,0.0054395543707567,9.51223234592226e-11,4.680876905332983e-06,0.002066490692672405,1.0269301796492049e-10,0.0010085417777936,3.832735851744731e-06,0.7255237457533812
