,const,oil_brent_inc,oil_brent_dec,oil_wti_inc,oil_wti_dec,military,assembly,guaido/legitimate,maduro/legitimate,protests,arrests,crisis,other/anti_socialism
military,0.06796136604616271,0.010521885521885523,36.79134724867402,0.010521885521885523,36.79134724867388,0.2505223267679114,0.03857625627538699,6.5556314248116516e-06,1.3362505906293893,7.913643513860276e-09,3.757526281247994,0.175836232688039,0.1835705061068439
assembly,3.016170084327299e-07,0.0,14.601929425038024,0.0,14.601929425038046,2.3007669013421774e-17,0.8209372178358457,1.3508792450829577e-13,0.005950574083882571,6.629026390130499e-12,6.7378746040016705e-12,0.2014587614580872,3.639906152555737e-11
guaido/legitimate,29.9450040810796,0.0,0.00024261478435750494,0.0,0.00024261478435750483,2.9934235661038256e-09,0.1572143601975771,0.46623455306348754,0.868460632994002,0.04725064812107476,0.048250735119888144,0.5196878776955376,0.005614653868455832
maduro/legitimate,1.38612015258141,0.0,3.8369989241202225,0.0,3.8369989241202167,4.215204555658634e-15,3.5443348105867823e-14,6.5850115807024425e-18,0.9261275261932943,2.6067857197926975e-16,7.200193662212765e-06,7.2466182186578414e-09,0.0004882333007054331
protests,1.2162922619463084,0.0,5.990458758047125,0.0,5.990458758047123,8.540274359948213e-13,2.3977878840312018e-11,8.119421239303384e-11,1.1993540933192999,0.8408454737584111,8.895254472432871e-07,0.49638882521423605,2.0439556589129326e-09
arrests,2.128163655177248,0.0,0.8584137999015167,0.0,0.8584137999015151,2.0533838239353693e-12,1.6497652622271345e-09,2.3434324830072534e-12,0.15781391253913693,7.980711605291784e-11,0.5272795848722633,0.000433266951785708,4.455304581608396e-08
crisis,0.30944842480860096,0.0,3.2464379041928497,0.0,3.2464379041928364,3.8737379530269695e-16,1.2703379002644633e-13,1.2376007701817362e-11,0.0006967121727658904,9.885451727967708e-06,2.319552115472608e-09,1.0543270054142613,1.443932684765441e-17
other/anti_socialism,0.8222872813454783,0.0,0.44994482337717806,0.0,0.4499448233771755,2.2238368987053732e-08,3.79427211419894e-07,1.8443939001303124e-07,0.07857928900225855,4.8429404939343855e-14,0.3764019259735012,0.0026893365757219073,0.8583813434537111
