,const,oil_brent_inc,oil_brent_dec,oil_wti_inc,oil_wti_dec,military,assembly,guaido/legitimate,maduro/legitimate,protests,arrests,crisis,other/anti_socialism
military,2.8215933664569876e-14,8757.71603613436,,,2.905112326169686e-23,0.8968591846236467,9.767628747507169e-10,1.5650198876561083e-10,1.4158404044138841e-06,4.5915922267155866e-08,1.1403853972449992e-06,4.908121824401219e-07,4.293481095166226e-12
assembly,2.633222255520485e-33,756.9916983525707,,,1.195289963697404e-61,1.5925305234018996e-07,0.9760185142604189,4.157477774794837e-30,8.401620851996533e-08,2.3804295938354637e-20,8.910069950780456e-05,0.00038189824685013987,1.8578830238853877e-12
guaido/legitimate,1.7398110102872433e-30,10554.866161727054,,,4.662303077172652e-62,4.7120009602391274e-14,0.29444886237312135,7.127687359248834e-10,0.6903150996936447,1.913255465160551e-10,7.690083971973766e-11,0.0041335512168776435,6.434609984156897e-11
maduro/legitimate,9.308178048906144e-23,222.2782046339169,,,1.327716775571993e-43,1.0585193703255085e-09,0.02136106140205028,2.527792734407957e-17,0.8514646487734403,6.249502946212372e-18,1.8517728863034437e-14,1.7258942418594843e-11,9.187062810968257e-12
protests,1.6156633643539543e-28,3734.8249959050936,,,2.218366311244331e-64,0.09866612852785628,2.596147577323636e-09,3.040608055640777e-19,1.8478233567617681,0.8104951967583508,0.01690336998738233,3.790870204547263e-08,4.301612666518133e-12
arrests,3.191130935066977e-30,76.04742464882433,,,3.253111690149974e-66,0.005871849017807474,2.000032613761555e-14,3.951944539813882e-21,0.330880895373838,7.196311617978625e-11,0.8581472979443637,0.03703505093428296,3.5590795021309263e-13
crisis,1.7515115430713625e-22,991.5016787955087,,,3.680406248072148e-44,2.4443838739079943e-12,3.919303925500564e-12,1.3211177458831362e-18,0.6089536668726161,2.2758151298967468e-10,6.090529701491264e-09,0.8217167852904668,3.4090630105668107e-13
other/anti_socialism,6.09822225052272e-24,176.92978765397805,,,5.819288479969758e-71,2.467363986228424e-21,0.011835944899887258,3.0831471485275306e-25,1.3190731141565345e-05,7.535908491917723e-13,0.002910537460926603,0.00443366731684872,0.6793528464610772
