,const,oil_brent_inc,oil_brent_dec,oil_wti_inc,oil_wti_dec,military,assembly,guaido/legitimate,maduro/legitimate,protests,arrests,crisis,other/anti_socialism
military,1.0488910829468823e-115,2.8963491519241474e-243,,2175.652189812309,1766.8577283827526,0.051297954026883925,1.5691508890312105e-15,1.826964563302137e-33,0.38005143179947404,6.772677725224904e-19,7.111508421769675e-05,0.6792176322152108,2.9748301025551783e-58
assembly,4.480786790416508e-116,2.0077729452383793e-243,,1485.6725116207097,422.92803763894716,2.894829310546479e-05,0.017877702890852464,2.8113795465966704e-17,0.6871966939356012,1.7367702167348476e-13,3.3691285075883584e-12,0.22867203992940402,2.4425036847832966e-70
guaido/legitimate,1.999556985442879e-91,3.330034612018064e-192,,1723.1214268007757,435.1569822863512,3.0724830390536474e-13,6.817099887466057e-14,4.716777509066817e-14,0.1372140802637983,1.0232915907940106e-11,2.0172024041644497e-07,0.7996214718077211,1.201528569972209e-53
maduro/legitimate,1.6541677032516647e-67,1.2895234565594588e-142,,452.55739038274817,609.448874498749,4.986030315029295e-12,1.2079217706584817e-18,9.487998082623802e-28,0.363473478285708,3.10507728840037e-19,3.024835226711181e-11,3.279304323142166e-06,2.973355469554667e-43
protests,9.990657272105148e-116,1.7812586358916905e-243,,1328.517510735752,2475.6831018912435,2.4230425601103904e-36,8.671268030251137e-66,2.557170396448147e-69,5.480583641792146e-26,3.522993169273721e-18,4.390302380422718e-09,0.06144487164570771,3.076024887279972e-52
arrests,1.2888004121579032e-116,1.9469841838400057e-244,,145.95824909005484,357.975722270483,2.6189499252099975e-41,3.846107653581404e-73,5.541017842017624e-71,1.4487481825387414e-32,3.0895214213260874e-24,0.0006106348673020501,3.8193221723366865e-05,2.940704628453226e-53
crisis,3.395690295980764e-116,5.215498288898445e-244,,444.5810902772596,1314.8143976423419,2.946664945463159e-30,2.190896398479459e-56,2.183644187350334e-69,1.3230645506414515e-18,2.4177230621588417e-24,1.2071830362468929e-10,0.02292151843154262,1.9022142814804074e-58
other/anti_socialism,1.9145446148835793e-116,3.639874929156176e-244,,244.42101363783556,279.65696952248663,1.481484800184417e-49,1.6463260822965768e-92,2.697362374354894e-85,5.157919951342794e-43,4.355040748909387e-25,0.0023223903840632085,3.388189349760099e-05,4.680203098729284e-45
