,const,am,pm
am,0.003495521593898726,0.9965044784061012,0.0
pm,0.0015819655922483687,0.0,0.9984180344077517
