,const,am,pm
am,0.0004830089901995918,0.9995169910098004,0.0
pm,0.0008608203754816494,0.0,0.9991391796245184
