,const,am,pm
am,0.0016139135145506155,0.9983860864854494,0.0
pm,0.001539583502147314,0.0,0.9984604164978527
