,const,am,pm
am,0.002071043052591942,0.997928956947408,0.0
pm,0.0018098584051953583,0.0,0.9981901415948047
