,const,am,pm
am,0.002151595254195611,0.9978484047458044,0.0
pm,0.000903194022497742,0.0,0.9990968059775023
