,const,am,pm
am,0.0005492990117214433,0.9994507009882786,0.0
pm,0.0010383304815806023,0.0,0.9989616695184194
