,const,am,pm
am,0.002681897526100013,0.9973181024739,0.0
pm,0.0010006003602161296,0.0,0.9989993996397839
