,const,am,pm
am,0.002688172043010753,0.9973118279569892,0.0
pm,0.0012341523617188377,0.0,0.9987658476382811
