,const,am,pm
am,0.0011680382267056013,0.9988319617732944,0.0
pm,0.001741189580721549,0.0,0.9982588104192784
