,const,am,pm
am,0.0014154487788113725,0.9985845512211886,0.0
pm,0.0007081634148128251,0.0,0.9992918365851872
