,const,am,pm
am,0.0010583272467094965,0.8258629341998698,0.17307873855342068
pm,0.0012236074667246748,0.0,0.9987763925332753
