,const,am,pm
am,0.0030599755201958386,0.9969400244798041,0.0
pm,0.0023937188816545384,0.0,0.9976062811183455
