,const,am,pm
am,0.0013864042933810375,0.998613595706619,0.0
pm,0.0016595006411707022,0.0,0.9983404993588293
