,const,am,pm
am,0.0027266976419518794,0.9972733023580481,0.0
pm,0.001447826536592092,0.0,0.9985521734634079
