,const,am,pm
am,0.0015494754075595397,0.9984505245924404,0.0
pm,0.0011937595192030627,0.0,0.9988062404807969
