,const,am,pm
am,0.0003995635536567749,0.9996004364463432,0.0
pm,0.0009845965342201995,0.0,0.9990154034657798
