,const,am,pm
am,0.004662672038282992,0.995337327961717,0.0
pm,0.0010432968179447052,0.0,0.9989567031820553
