,const,am,pm
am,0.003421775957816795,0.9965782240421832,0.0
pm,0.0005376986497789461,0.0,0.9994623013502211
