,const,am,pm
am,0.002577910174152154,0.9974220898258478,0.0
pm,0.001287001287001287,0.0,0.9987129987129987
