,const,am,pm
am,0.0014051671829591543,0.9985948328170409,0.0
pm,0.0009089930509873339,0.0,0.9990910069490126
