,const,am,pm
am,0.0010535046907177179,0.9989464953092823,0.0
pm,0.00022816035646700398,0.0,0.999771839643533
