,const,am,pm
am,0.0025319508078128767,0.9974680491921871,0.0
pm,0.001977797626642848,0.0,0.9980222023733571
