,const,am,pm
am,0.0022619720825024555,0.9977380279174975,0.0
pm,0.0006964481146154611,0.0,0.9993035518853846
