,const,am,pm
am,0.0024739114789492623,0.9975260885210507,0.0
pm,0.0009785214540828807,0.0,0.9990214785459172
