,const,am,pm
am,0.017439957144132615,0.9825600428558674,0.0
pm,0.0010814318157240186,0.0,0.9989185681842759
