,const,am,pm
am,0.02165109875276713,0.8643701743966309,0.11397872685060202
pm,0.002412623891497131,0.0,0.9975873761085029
