,const,am,pm
am,215.31145342651908,0.9250181124523863,0.16272735286845003
pm,27.877147082135384,2.085914921444751e-07,1.0098694313579841
