,const,am,pm
am,50.76645089746433,0.8874258115165754,3.764389172885716e-05
pm,8.092771781943538,0.0764117441808806,0.9191367889752171
