,const,am,pm
am,177.44963773220033,0.5694312260584443,1.1068197732333844
pm,84.25693421213685,1.4666471956938208e-05,0.958060292123491
