,const,am,pm
am,100.35279328782967,0.5771808018122613,0.5599600135360213
pm,19.155476330258676,1.2276458396105486e-05,0.9858019845112629
