,const,am,pm
am,29.617201292389982,0.9374235301516738,0.02219855433928743
pm,13.171676193050052,0.08208279525524298,0.8241238270988928
