,const,am,pm
am,43.06123197936004,0.83767983674733,0.11710374433895761
pm,18.876143163595692,5.2045028674614224e-05,0.9906165513430946
