,const,am,pm
am,253.9303161115956,0.9081185615020704,0.23708544324896333
pm,52.142040364612875,2.1059701821194586e-06,0.9486647944509529
