,const,am,pm
am,62.36233979876334,0.8721445423773323,0.08073784402859392
pm,19.567829322085796,0.0002270846171934788,1.016127190713073
