,const,am,pm
am,371.0242093347841,0.9014505723163058,0.1686582589340265
pm,109.31834785088813,4.3461296978862085e-06,0.9721922978998503
