,const,am,pm
am,328.01304410297524,0.8942403856215454,0.04525456450522967
pm,77.917746245738,7.179222820088438e-06,0.9535075234464482
