,const,am,pm
am,25.842983990981313,1.0722722614111184,0.00020405266279357632
pm,43.52694191366543,0.00614467502664474,0.9860841646845113
