,const,am,pm
am,325.04375062149325,0.8488752076749605,0.33344267513542175
pm,32.373570644732524,0.003553336459019649,0.9714226664838573
