,const,am,pm
am,37.657491091008225,0.8670695055145151,0.0895006642436411
pm,13.999885367213823,0.010676371450400372,0.9664909116729096
