,const,am,pm
am,234.75247690276242,1.0158769946134254,0.05623578370296606
pm,61.230646125492775,0.01395366700125717,0.9113225753961236
