,const,am,pm
am,59.435747507355075,0.47925082851740464,0.45837937661573597
pm,32.22580665779586,0.0017255435990392188,0.9086964615783516
