,const,am,pm
am,282.1296982289669,0.9520469945884436,0.0016332466415919652
pm,70.74224200754513,0.009150885257115918,0.9538584267384649
