,const,am,pm
am,29.65284926002683,0.9874894567899807,0.00083591131532672
pm,18.566595471829185,0.005381896906845572,0.9480581597904698
