,const,am,pm
am,38.39234089529683,0.8913806531909076,0.016109633015001158
pm,21.299218038049087,0.024070162635150286,0.8977085676982763
