,const,am,pm
am,43.19777819087191,0.8977957287477218,0.023366589054039683
pm,19.346056294749264,0.013505903799844367,0.9675395745783201
