,const,am,pm
am,408.13820740546976,0.6322181965025335,1.1206455698230546
pm,34.159965507371425,2.3815581325563392e-06,0.9889219756130065
