,const,am,pm
am,89.27124637499902,0.9052368468926802,0.018854679068647427
pm,26.087291028347142,0.006785349603260535,0.9236533319894581
