,const,am,pm
am,212.22648995792647,0.9886185243854585,0.00019093371856640848
pm,15.024158158264676,0.0325260747322363,0.9398928965941892
