,const,am,pm
am,280.0016903710103,0.629609706692594,0.9992945045361725
pm,58.61998041385241,2.585911916215017e-07,0.949048481603864
