,const,am,pm
am,38.15081515579557,0.9306110717247504,0.14222649194182999
pm,22.961372665192183,0.00024633229014258713,0.9628756647954202
