,const,am,pm
am,27.91016891629489,0.8683240246471404,0.1003281902592431
pm,10.777932385823716,3.0511386709085434e-06,1.017025811911581
