,const,am,pm
am,87.39219979495643,0.9670646327608713,0.10333519564037752
pm,62.10991586745314,0.00017007646676181167,1.0092991113240664
